sum,output,stage,sector_hazard,cc_scenario,climvar,portfolio,realization
174.73,f_a_decision_value,1,flood_agr,D,1,00_00_00_00,5000
326.95,f_a_decision_value,1,flood_agr,D,2,00_00_00_00,5000
181.6,f_a_decision_value,1,flood_agr,D,3,00_00_00_00,5000
166.05,f_a_decision_value,1,flood_agr,D,4,00_00_00_00,5000
108.85,f_a_decision_value,1,flood_agr,D,5,00_00_00_00,5000
175.97,f_a_decision_value,1,flood_agr,D,6,00_00_00_00,5000
116.62,f_a_decision_value,1,flood_agr,D,7,00_00_00_00,5000
238.52,f_a_decision_value,1,flood_agr,D,8,00_00_00_00,5000
233.02,f_a_decision_value,1,flood_agr,D,9,00_00_00_00,5000
122.58,f_a_decision_value,1,flood_agr,D,10,00_00_00_00,5000
197.31,DamAgr_f_tot,1,flood_agr,D,1,00_00_00_00,5000
347.16,DamAgr_f_tot,1,flood_agr,D,2,00_00_00_00,5000
211.37,DamAgr_f_tot,1,flood_agr,D,3,00_00_00_00,5000
167.81,DamAgr_f_tot,1,flood_agr,D,4,00_00_00_00,5000
111.13,DamAgr_f_tot,1,flood_agr,D,5,00_00_00_00,5000
184.99,DamAgr_f_tot,1,flood_agr,D,6,00_00_00_00,5000
113.66,DamAgr_f_tot,1,flood_agr,D,7,00_00_00_00,5000
248.93,DamAgr_f_tot,1,flood_agr,D,8,00_00_00_00,5000
234.53,DamAgr_f_tot,1,flood_agr,D,9,00_00_00_00,5000
133.42,DamAgr_f_tot,1,flood_agr,D,10,00_00_00_00,5000
0.0,invest_f_a,1,flood_agr,D,1,00_00_00_00,5000
0.0,pathways_list_f_a,1,flood_agr,D,1,00_00_00_00,5000
0.0,invest_f_a,1,flood_agr,D,2,00_00_00_00,5000
0.0,pathways_list_f_a,1,flood_agr,D,2,00_00_00_00,5000
0.0,invest_f_a,1,flood_agr,D,3,00_00_00_00,5000
0.0,pathways_list_f_a,1,flood_agr,D,3,00_00_00_00,5000
0.0,invest_f_a,1,flood_agr,D,4,00_00_00_00,5000
0.0,pathways_list_f_a,1,flood_agr,D,4,00_00_00_00,5000
0.0,invest_f_a,1,flood_agr,D,5,00_00_00_00,5000
0.0,pathways_list_f_a,1,flood_agr,D,5,00_00_00_00,5000
0.0,invest_f_a,1,flood_agr,D,6,00_00_00_00,5000
0.0,pathways_list_f_a,1,flood_agr,D,6,00_00_00_00,5000
0.0,invest_f_a,1,flood_agr,D,7,00_00_00_00,5000
0.0,pathways_list_f_a,1,flood_agr,D,7,00_00_00_00,5000
0.0,invest_f_a,1,flood_agr,D,8,00_00_00_00,5000
0.0,pathways_list_f_a,1,flood_agr,D,8,00_00_00_00,5000
0.0,invest_f_a,1,flood_agr,D,9,00_00_00_00,5000
0.0,pathways_list_f_a,1,flood_agr,D,9,00_00_00_00,5000
0.0,invest_f_a,1,flood_agr,D,10,00_00_00_00,5000
0.0,pathways_list_f_a,1,flood_agr,D,10,00_00_00_00,5000
967.45,revenue_agr,1,flood_agr,D,1,00_00_00_00,5000
962.97,revenue_agr,1,flood_agr,D,2,00_00_00_00,5000
967.1,revenue_agr,1,flood_agr,D,3,00_00_00_00,5000
964.13,revenue_agr,1,flood_agr,D,4,00_00_00_00,5000
966.87,revenue_agr,1,flood_agr,D,5,00_00_00_00,5000
967.47,revenue_agr,1,flood_agr,D,6,00_00_00_00,5000
970.0,revenue_agr,1,flood_agr,D,7,00_00_00_00,5000
961.68,revenue_agr,1,flood_agr,D,8,00_00_00_00,5000
970.0,revenue_agr,1,flood_agr,D,9,00_00_00_00,5000
970.0,revenue_agr,1,flood_agr,D,10,00_00_00_00,5000
236.66,f_a_decision_value,1,flood_agr,G,1,00_00_00_00,5000
426.22,f_a_decision_value,1,flood_agr,G,2,00_00_00_00,5000
287.66,f_a_decision_value,1,flood_agr,G,3,00_00_00_00,5000
186.82,f_a_decision_value,1,flood_agr,G,4,00_00_00_00,5000
232.36,f_a_decision_value,1,flood_agr,G,5,00_00_00_00,5000
255.54,f_a_decision_value,1,flood_agr,G,6,00_00_00_00,5000
178.06,f_a_decision_value,1,flood_agr,G,7,00_00_00_00,5000
351.98,f_a_decision_value,1,flood_agr,G,8,00_00_00_00,5000
350.12,f_a_decision_value,1,flood_agr,G,9,00_00_00_00,5000
307.85,f_a_decision_value,1,flood_agr,G,10,00_00_00_00,5000
259.92,DamAgr_f_tot,1,flood_agr,G,1,00_00_00_00,5000
465.82,DamAgr_f_tot,1,flood_agr,G,2,00_00_00_00,5000
340.55,DamAgr_f_tot,1,flood_agr,G,3,00_00_00_00,5000
188.45,DamAgr_f_tot,1,flood_agr,G,4,00_00_00_00,5000
234.87,DamAgr_f_tot,1,flood_agr,G,5,00_00_00_00,5000
283.26,DamAgr_f_tot,1,flood_agr,G,6,00_00_00_00,5000
240.15,DamAgr_f_tot,1,flood_agr,G,7,00_00_00_00,5000
375.96,DamAgr_f_tot,1,flood_agr,G,8,00_00_00_00,5000
351.92,DamAgr_f_tot,1,flood_agr,G,9,00_00_00_00,5000
343.79,DamAgr_f_tot,1,flood_agr,G,10,00_00_00_00,5000
0.0,invest_f_a,1,flood_agr,G,1,00_00_00_00,5000
0.0,pathways_list_f_a,1,flood_agr,G,1,00_00_00_00,5000
0.0,invest_f_a,1,flood_agr,G,2,00_00_00_00,5000
0.0,pathways_list_f_a,1,flood_agr,G,2,00_00_00_00,5000
0.0,invest_f_a,1,flood_agr,G,3,00_00_00_00,5000
0.0,pathways_list_f_a,1,flood_agr,G,3,00_00_00_00,5000
0.0,invest_f_a,1,flood_agr,G,4,00_00_00_00,5000
0.0,pathways_list_f_a,1,flood_agr,G,4,00_00_00_00,5000
0.0,invest_f_a,1,flood_agr,G,5,00_00_00_00,5000
0.0,pathways_list_f_a,1,flood_agr,G,5,00_00_00_00,5000
0.0,invest_f_a,1,flood_agr,G,6,00_00_00_00,5000
0.0,pathways_list_f_a,1,flood_agr,G,6,00_00_00_00,5000
0.0,invest_f_a,1,flood_agr,G,7,00_00_00_00,5000
0.0,pathways_list_f_a,1,flood_agr,G,7,00_00_00_00,5000
0.0,invest_f_a,1,flood_agr,G,8,00_00_00_00,5000
0.0,pathways_list_f_a,1,flood_agr,G,8,00_00_00_00,5000
0.0,invest_f_a,1,flood_agr,G,9,00_00_00_00,5000
0.0,pathways_list_f_a,1,flood_agr,G,9,00_00_00_00,5000
0.0,invest_f_a,1,flood_agr,G,10,00_00_00_00,5000
0.0,pathways_list_f_a,1,flood_agr,G,10,00_00_00_00,5000
967.38,revenue_agr,1,flood_agr,G,1,00_00_00_00,5000
961.34,revenue_agr,1,flood_agr,G,2,00_00_00_00,5000
966.89,revenue_agr,1,flood_agr,G,3,00_00_00_00,5000
963.31,revenue_agr,1,flood_agr,G,4,00_00_00_00,5000
966.68,revenue_agr,1,flood_agr,G,5,00_00_00_00,5000
967.43,revenue_agr,1,flood_agr,G,6,00_00_00_00,5000
967.02,revenue_agr,1,flood_agr,G,7,00_00_00_00,5000
959.93,revenue_agr,1,flood_agr,G,8,00_00_00_00,5000
970.0,revenue_agr,1,flood_agr,G,9,00_00_00_00,5000
970.0,revenue_agr,1,flood_agr,G,10,00_00_00_00,5000
504.46,f_a_decision_value,1,flood_agr,Wp,1,00_00_00_00,5000
694.64,f_a_decision_value,1,flood_agr,Wp,2,00_00_00_00,5000
507.98,f_a_decision_value,1,flood_agr,Wp,3,00_00_00_00,5000
427.46,f_a_decision_value,1,flood_agr,Wp,4,00_00_00_00,5000
468.36,f_a_decision_value,1,flood_agr,Wp,5,00_00_00_00,5000
483.67,f_a_decision_value,1,flood_agr,Wp,6,00_00_00_00,5000
558.79,f_a_decision_value,1,flood_agr,Wp,7,00_00_00_00,5000
658.66,f_a_decision_value,1,flood_agr,Wp,8,00_00_00_00,5000
436.45,f_a_decision_value,1,flood_agr,Wp,9,00_00_00_00,5000
406.82,f_a_decision_value,1,flood_agr,Wp,10,00_00_00_00,5000
528.84,DamAgr_f_tot,1,flood_agr,Wp,1,00_00_00_00,5000
816.3,DamAgr_f_tot,1,flood_agr,Wp,2,00_00_00_00,5000
577.22,DamAgr_f_tot,1,flood_agr,Wp,3,00_00_00_00,5000
429.18,DamAgr_f_tot,1,flood_agr,Wp,4,00_00_00_00,5000
485.28,DamAgr_f_tot,1,flood_agr,Wp,5,00_00_00_00,5000
524.75,DamAgr_f_tot,1,flood_agr,Wp,6,00_00_00_00,5000
682.83,DamAgr_f_tot,1,flood_agr,Wp,7,00_00_00_00,5000
759.88,DamAgr_f_tot,1,flood_agr,Wp,8,00_00_00_00,5000
438.18,DamAgr_f_tot,1,flood_agr,Wp,9,00_00_00_00,5000
464.34,DamAgr_f_tot,1,flood_agr,Wp,10,00_00_00_00,5000
0.0,invest_f_a,1,flood_agr,Wp,1,00_00_00_00,5000
0.0,pathways_list_f_a,1,flood_agr,Wp,1,00_00_00_00,5000
0.0,invest_f_a,1,flood_agr,Wp,2,00_00_00_00,5000
0.0,pathways_list_f_a,1,flood_agr,Wp,2,00_00_00_00,5000
0.0,invest_f_a,1,flood_agr,Wp,3,00_00_00_00,5000
0.0,pathways_list_f_a,1,flood_agr,Wp,3,00_00_00_00,5000
0.0,invest_f_a,1,flood_agr,Wp,4,00_00_00_00,5000
0.0,pathways_list_f_a,1,flood_agr,Wp,4,00_00_00_00,5000
0.0,invest_f_a,1,flood_agr,Wp,5,00_00_00_00,5000
0.0,pathways_list_f_a,1,flood_agr,Wp,5,00_00_00_00,5000
0.0,invest_f_a,1,flood_agr,Wp,6,00_00_00_00,5000
0.0,pathways_list_f_a,1,flood_agr,Wp,6,00_00_00_00,5000
0.0,invest_f_a,1,flood_agr,Wp,7,00_00_00_00,5000
0.0,pathways_list_f_a,1,flood_agr,Wp,7,00_00_00_00,5000
0.0,invest_f_a,1,flood_agr,Wp,8,00_00_00_00,5000
0.0,pathways_list_f_a,1,flood_agr,Wp,8,00_00_00_00,5000
0.0,invest_f_a,1,flood_agr,Wp,9,00_00_00_00,5000
0.0,pathways_list_f_a,1,flood_agr,Wp,9,00_00_00_00,5000
0.0,invest_f_a,1,flood_agr,Wp,10,00_00_00_00,5000
0.0,pathways_list_f_a,1,flood_agr,Wp,10,00_00_00_00,5000
967.27,revenue_agr,1,flood_agr,Wp,1,00_00_00_00,5000
957.73,revenue_agr,1,flood_agr,Wp,2,00_00_00_00,5000
965.27,revenue_agr,1,flood_agr,Wp,3,00_00_00_00,5000
963.21,revenue_agr,1,flood_agr,Wp,4,00_00_00_00,5000
964.99,revenue_agr,1,flood_agr,Wp,5,00_00_00_00,5000
961.25,revenue_agr,1,flood_agr,Wp,6,00_00_00_00,5000
966.9,revenue_agr,1,flood_agr,Wp,7,00_00_00_00,5000
953.84,revenue_agr,1,flood_agr,Wp,8,00_00_00_00,5000
970.0,revenue_agr,1,flood_agr,Wp,9,00_00_00_00,5000
970.0,revenue_agr,1,flood_agr,Wp,10,00_00_00_00,5000
168.73,f_a_decision_value,1,flood_agr,D,1,01_00_00_00,5000
318.51,f_a_decision_value,1,flood_agr,D,2,01_00_00_00,5000
176.93,f_a_decision_value,1,flood_agr,D,3,01_00_00_00,5000
160.38,f_a_decision_value,1,flood_agr,D,4,01_00_00_00,5000
104.4,f_a_decision_value,1,flood_agr,D,5,01_00_00_00,5000
173.86,f_a_decision_value,1,flood_agr,D,6,01_00_00_00,5000
114.1,f_a_decision_value,1,flood_agr,D,7,01_00_00_00,5000
229.98,f_a_decision_value,1,flood_agr,D,8,01_00_00_00,5000
208.85,f_a_decision_value,1,flood_agr,D,9,01_00_00_00,5000
121.63,f_a_decision_value,1,flood_agr,D,10,01_00_00_00,5000
187.66,DamAgr_f_tot,1,flood_agr,D,1,01_00_00_00,5000
335.68,DamAgr_f_tot,1,flood_agr,D,2,01_00_00_00,5000
205.56,DamAgr_f_tot,1,flood_agr,D,3,01_00_00_00,5000
160.84,DamAgr_f_tot,1,flood_agr,D,4,01_00_00_00,5000
105.41,DamAgr_f_tot,1,flood_agr,D,5,01_00_00_00,5000
182.47,DamAgr_f_tot,1,flood_agr,D,6,01_00_00_00,5000
110.96,DamAgr_f_tot,1,flood_agr,D,7,01_00_00_00,5000
237.71,DamAgr_f_tot,1,flood_agr,D,8,01_00_00_00,5000
205.24,DamAgr_f_tot,1,flood_agr,D,9,01_00_00_00,5000
131.73,DamAgr_f_tot,1,flood_agr,D,10,01_00_00_00,5000
4.36,invest_f_a,1,flood_agr,D,1,01_00_00_00,5000
2.0,pathways_list_f_a,1,flood_agr,D,1,01_00_00_00,5000
5.41,invest_f_a,1,flood_agr,D,2,01_00_00_00,5000
2.0,pathways_list_f_a,1,flood_agr,D,2,01_00_00_00,5000
4.07,invest_f_a,1,flood_agr,D,3,01_00_00_00,5000
1.0,pathways_list_f_a,1,flood_agr,D,3,01_00_00_00,5000
5.71,invest_f_a,1,flood_agr,D,4,01_00_00_00,5000
2.0,pathways_list_f_a,1,flood_agr,D,4,01_00_00_00,5000
2.73,invest_f_a,1,flood_agr,D,5,01_00_00_00,5000
2.0,pathways_list_f_a,1,flood_agr,D,5,01_00_00_00,5000
1.21,invest_f_a,1,flood_agr,D,6,01_00_00_00,5000
2.0,pathways_list_f_a,1,flood_agr,D,6,01_00_00_00,5000
3.27,invest_f_a,1,flood_agr,D,7,01_00_00_00,5000
2.0,pathways_list_f_a,1,flood_agr,D,7,01_00_00_00,5000
5.35,invest_f_a,1,flood_agr,D,8,01_00_00_00,5000
2.0,pathways_list_f_a,1,flood_agr,D,8,01_00_00_00,5000
117.1,invest_f_a,1,flood_agr,D,9,01_00_00_00,5000
3.0,pathways_list_f_a,1,flood_agr,D,9,01_00_00_00,5000
0.84,invest_f_a,1,flood_agr,D,10,01_00_00_00,5000
1.0,pathways_list_f_a,1,flood_agr,D,10,01_00_00_00,5000
914.27,revenue_agr,1,flood_agr,D,1,01_00_00_00,5000
920.74,revenue_agr,1,flood_agr,D,2,01_00_00_00,5000
967.19,revenue_agr,1,flood_agr,D,3,01_00_00_00,5000
893.43,revenue_agr,1,flood_agr,D,4,01_00_00_00,5000
939.68,revenue_agr,1,flood_agr,D,5,01_00_00_00,5000
958.38,revenue_agr,1,flood_agr,D,6,01_00_00_00,5000
952.83,revenue_agr,1,flood_agr,D,7,01_00_00_00,5000
917.46,revenue_agr,1,flood_agr,D,8,01_00_00_00,5000
911.42,revenue_agr,1,flood_agr,D,9,01_00_00_00,5000
970.0,revenue_agr,1,flood_agr,D,10,01_00_00_00,5000
227.09,f_a_decision_value,1,flood_agr,G,1,01_00_00_00,5000
367.0,f_a_decision_value,1,flood_agr,G,2,01_00_00_00,5000
257.52,f_a_decision_value,1,flood_agr,G,3,01_00_00_00,5000
172.32,f_a_decision_value,1,flood_agr,G,4,01_00_00_00,5000
216.39,f_a_decision_value,1,flood_agr,G,5,01_00_00_00,5000
247.83,f_a_decision_value,1,flood_agr,G,6,01_00_00_00,5000
171.38,f_a_decision_value,1,flood_agr,G,7,01_00_00_00,5000
270.33,f_a_decision_value,1,flood_agr,G,8,01_00_00_00,5000
212.75,f_a_decision_value,1,flood_agr,G,9,01_00_00_00,5000
304.97,f_a_decision_value,1,flood_agr,G,10,01_00_00_00,5000
246.57,DamAgr_f_tot,1,flood_agr,G,1,01_00_00_00,5000
363.46,DamAgr_f_tot,1,flood_agr,G,2,01_00_00_00,5000
279.7,DamAgr_f_tot,1,flood_agr,G,3,01_00_00_00,5000
172.78,DamAgr_f_tot,1,flood_agr,G,4,01_00_00_00,5000
217.5,DamAgr_f_tot,1,flood_agr,G,5,01_00_00_00,5000
271.29,DamAgr_f_tot,1,flood_agr,G,6,01_00_00_00,5000
225.25,DamAgr_f_tot,1,flood_agr,G,7,01_00_00_00,5000
266.92,DamAgr_f_tot,1,flood_agr,G,8,01_00_00_00,5000
209.2,DamAgr_f_tot,1,flood_agr,G,9,01_00_00_00,5000
338.71,DamAgr_f_tot,1,flood_agr,G,10,01_00_00_00,5000
4.36,invest_f_a,1,flood_agr,G,1,01_00_00_00,5000
2.0,pathways_list_f_a,1,flood_agr,G,1,01_00_00_00,5000
260.33,invest_f_a,1,flood_agr,G,2,01_00_00_00,5000
4.0,pathways_list_f_a,1,flood_agr,G,2,01_00_00_00,5000
116.62,invest_f_a,1,flood_agr,G,3,01_00_00_00,5000
3.0,pathways_list_f_a,1,flood_agr,G,3,01_00_00_00,5000
6.69,invest_f_a,1,flood_agr,G,4,01_00_00_00,5000
2.0,pathways_list_f_a,1,flood_agr,G,4,01_00_00_00,5000
2.91,invest_f_a,1,flood_agr,G,5,01_00_00_00,5000
2.0,pathways_list_f_a,1,flood_agr,G,5,01_00_00_00,5000
1.45,invest_f_a,1,flood_agr,G,6,01_00_00_00,5000
2.0,pathways_list_f_a,1,flood_agr,G,6,01_00_00_00,5000
3.27,invest_f_a,1,flood_agr,G,7,01_00_00_00,5000
2.0,pathways_list_f_a,1,flood_agr,G,7,01_00_00_00,5000
117.97,invest_f_a,1,flood_agr,G,8,01_00_00_00,5000
3.0,pathways_list_f_a,1,flood_agr,G,8,01_00_00_00,5000
117.1,invest_f_a,1,flood_agr,G,9,01_00_00_00,5000
3.0,pathways_list_f_a,1,flood_agr,G,9,01_00_00_00,5000
1.01,invest_f_a,1,flood_agr,G,10,01_00_00_00,5000
2.0,pathways_list_f_a,1,flood_agr,G,10,01_00_00_00,5000
914.21,revenue_agr,1,flood_agr,G,1,01_00_00_00,5000
881.38,revenue_agr,1,flood_agr,G,2,01_00_00_00,5000
941.0,revenue_agr,1,flood_agr,G,3,01_00_00_00,5000
880.61,revenue_agr,1,flood_agr,G,4,01_00_00_00,5000
933.69,revenue_agr,1,flood_agr,G,5,01_00_00_00,5000
954.3,revenue_agr,1,flood_agr,G,6,01_00_00_00,5000
950.21,revenue_agr,1,flood_agr,G,7,01_00_00_00,5000
885.14,revenue_agr,1,flood_agr,G,8,01_00_00_00,5000
911.42,revenue_agr,1,flood_agr,G,9,01_00_00_00,5000
962.93,revenue_agr,1,flood_agr,G,10,01_00_00_00,5000
333.8,f_a_decision_value,1,flood_agr,Wp,1,01_00_00_00,5000
430.08,f_a_decision_value,1,flood_agr,Wp,2,01_00_00_00,5000
289.63,f_a_decision_value,1,flood_agr,Wp,3,01_00_00_00,5000
220.35,f_a_decision_value,1,flood_agr,Wp,4,01_00_00_00,5000
378.66,f_a_decision_value,1,flood_agr,Wp,5,01_00_00_00,5000
443.16,f_a_decision_value,1,flood_agr,Wp,6,01_00_00_00,5000
264.65,f_a_decision_value,1,flood_agr,Wp,7,01_00_00_00,5000
371.11,f_a_decision_value,1,flood_agr,Wp,8,01_00_00_00,5000
271.77,f_a_decision_value,1,flood_agr,Wp,9,01_00_00_00,5000
299.21,f_a_decision_value,1,flood_agr,Wp,10,01_00_00_00,5000
353.98,DamAgr_f_tot,1,flood_agr,Wp,1,01_00_00_00,5000
426.61,DamAgr_f_tot,1,flood_agr,Wp,2,01_00_00_00,5000
303.62,DamAgr_f_tot,1,flood_agr,Wp,3,01_00_00_00,5000
216.84,DamAgr_f_tot,1,flood_agr,Wp,4,01_00_00_00,5000
375.16,DamAgr_f_tot,1,flood_agr,Wp,5,01_00_00_00,5000
451.39,DamAgr_f_tot,1,flood_agr,Wp,6,01_00_00_00,5000
261.05,DamAgr_f_tot,1,flood_agr,Wp,7,01_00_00_00,5000
372.26,DamAgr_f_tot,1,flood_agr,Wp,8,01_00_00_00,5000
268.26,DamAgr_f_tot,1,flood_agr,Wp,9,01_00_00_00,5000
307.01,DamAgr_f_tot,1,flood_agr,Wp,10,01_00_00_00,5000
116.36,invest_f_a,1,flood_agr,Wp,1,01_00_00_00,5000
3.0,pathways_list_f_a,1,flood_agr,Wp,1,01_00_00_00,5000
260.33,invest_f_a,1,flood_agr,Wp,2,01_00_00_00,5000
4.0,pathways_list_f_a,1,flood_agr,Wp,2,01_00_00_00,5000
259.14,invest_f_a,1,flood_agr,Wp,3,01_00_00_00,5000
4.0,pathways_list_f_a,1,flood_agr,Wp,3,01_00_00_00,5000
118.69,invest_f_a,1,flood_agr,Wp,4,01_00_00_00,5000
3.0,pathways_list_f_a,1,flood_agr,Wp,4,01_00_00_00,5000
115.27,invest_f_a,1,flood_agr,Wp,5,01_00_00_00,5000
3.0,pathways_list_f_a,1,flood_agr,Wp,5,01_00_00_00,5000
258.1,invest_f_a,1,flood_agr,Wp,6,01_00_00_00,5000
4.0,pathways_list_f_a,1,flood_agr,Wp,6,01_00_00_00,5000
257.75,invest_f_a,1,flood_agr,Wp,7,01_00_00_00,5000
4.0,pathways_list_f_a,1,flood_agr,Wp,7,01_00_00_00,5000
259.97,invest_f_a,1,flood_agr,Wp,8,01_00_00_00,5000
4.0,pathways_list_f_a,1,flood_agr,Wp,8,01_00_00_00,5000
259.24,invest_f_a,1,flood_agr,Wp,9,01_00_00_00,5000
4.0,pathways_list_f_a,1,flood_agr,Wp,9,01_00_00_00,5000
256.99,invest_f_a,1,flood_agr,Wp,10,01_00_00_00,5000
4.0,pathways_list_f_a,1,flood_agr,Wp,10,01_00_00_00,5000
914.1,revenue_agr,1,flood_agr,Wp,1,01_00_00_00,5000
881.04,revenue_agr,1,flood_agr,Wp,2,01_00_00_00,5000
915.62,revenue_agr,1,flood_agr,Wp,3,01_00_00_00,5000
880.5,revenue_agr,1,flood_agr,Wp,4,01_00_00_00,5000
928.42,revenue_agr,1,flood_agr,Wp,5,01_00_00_00,5000
940.12,revenue_agr,1,flood_agr,Wp,6,01_00_00_00,5000
928.59,revenue_agr,1,flood_agr,Wp,7,01_00_00_00,5000
883.53,revenue_agr,1,flood_agr,Wp,8,01_00_00_00,5000
904.35,revenue_agr,1,flood_agr,Wp,9,01_00_00_00,5000
937.68,revenue_agr,1,flood_agr,Wp,10,01_00_00_00,5000
152.45,f_a_decision_value,1,flood_agr,D,1,02_00_00_00,5000
305.98,f_a_decision_value,1,flood_agr,D,2,02_00_00_00,5000
176.93,f_a_decision_value,1,flood_agr,D,3,02_00_00_00,5000
147.45,f_a_decision_value,1,flood_agr,D,4,02_00_00_00,5000
96.8,f_a_decision_value,1,flood_agr,D,5,02_00_00_00,5000
173.86,f_a_decision_value,1,flood_agr,D,6,02_00_00_00,5000
111.5,f_a_decision_value,1,flood_agr,D,7,02_00_00_00,5000
230.0,f_a_decision_value,1,flood_agr,D,8,02_00_00_00,5000
180.24,f_a_decision_value,1,flood_agr,D,9,02_00_00_00,5000
121.63,f_a_decision_value,1,flood_agr,D,10,02_00_00_00,5000
148.95,DamAgr_f_tot,1,flood_agr,D,1,02_00_00_00,5000
302.5,DamAgr_f_tot,1,flood_agr,D,2,02_00_00_00,5000
205.56,DamAgr_f_tot,1,flood_agr,D,3,02_00_00_00,5000
143.93,DamAgr_f_tot,1,flood_agr,D,4,02_00_00_00,5000
93.44,DamAgr_f_tot,1,flood_agr,D,5,02_00_00_00,5000
182.47,DamAgr_f_tot,1,flood_agr,D,6,02_00_00_00,5000
107.99,DamAgr_f_tot,1,flood_agr,D,7,02_00_00_00,5000
226.53,DamAgr_f_tot,1,flood_agr,D,8,02_00_00_00,5000
176.72,DamAgr_f_tot,1,flood_agr,D,9,02_00_00_00,5000
131.73,DamAgr_f_tot,1,flood_agr,D,10,02_00_00_00,5000
115.27,invest_f_a,1,flood_agr,D,1,02_00_00_00,5000
2.0,pathways_list_f_a,1,flood_agr,D,1,02_00_00_00,5000
116.54,invest_f_a,1,flood_agr,D,2,02_00_00_00,5000
2.0,pathways_list_f_a,1,flood_agr,D,2,02_00_00_00,5000
4.07,invest_f_a,1,flood_agr,D,3,02_00_00_00,5000
1.0,pathways_list_f_a,1,flood_agr,D,3,02_00_00_00,5000
116.28,invest_f_a,1,flood_agr,D,4,02_00_00_00,5000
2.0,pathways_list_f_a,1,flood_agr,D,4,02_00_00_00,5000
114.16,invest_f_a,1,flood_agr,D,5,02_00_00_00,5000
2.0,pathways_list_f_a,1,flood_agr,D,5,02_00_00_00,5000
113.0,invest_f_a,1,flood_agr,D,6,02_00_00_00,5000
2.0,pathways_list_f_a,1,flood_agr,D,6,02_00_00_00,5000
114.9,invest_f_a,1,flood_agr,D,7,02_00_00_00,5000
2.0,pathways_list_f_a,1,flood_agr,D,7,02_00_00_00,5000
116.44,invest_f_a,1,flood_agr,D,8,02_00_00_00,5000
2.0,pathways_list_f_a,1,flood_agr,D,8,02_00_00_00,5000
115.91,invest_f_a,1,flood_agr,D,9,02_00_00_00,5000
2.0,pathways_list_f_a,1,flood_agr,D,9,02_00_00_00,5000
0.84,invest_f_a,1,flood_agr,D,10,02_00_00_00,5000
1.0,pathways_list_f_a,1,flood_agr,D,10,02_00_00_00,5000
970.0,revenue_agr,1,flood_agr,D,1,02_00_00_00,5000
963.16,revenue_agr,1,flood_agr,D,2,02_00_00_00,5000
967.19,revenue_agr,1,flood_agr,D,3,02_00_00_00,5000
964.13,revenue_agr,1,flood_agr,D,4,02_00_00_00,5000
966.95,revenue_agr,1,flood_agr,D,5,02_00_00_00,5000
967.47,revenue_agr,1,flood_agr,D,6,02_00_00_00,5000
970.0,revenue_agr,1,flood_agr,D,7,02_00_00_00,5000
962.57,revenue_agr,1,flood_agr,D,8,02_00_00_00,5000
970.0,revenue_agr,1,flood_agr,D,9,02_00_00_00,5000
970.0,revenue_agr,1,flood_agr,D,10,02_00_00_00,5000
186.8,f_a_decision_value,1,flood_agr,G,1,02_00_00_00,5000
243.9,f_a_decision_value,1,flood_agr,G,2,02_00_00_00,5000
200.35,f_a_decision_value,1,flood_agr,G,3,02_00_00_00,5000
154.82,f_a_decision_value,1,flood_agr,G,4,02_00_00_00,5000
186.65,f_a_decision_value,1,flood_agr,G,5,02_00_00_00,5000
235.54,f_a_decision_value,1,flood_agr,G,6,02_00_00_00,5000
147.73,f_a_decision_value,1,flood_agr,G,7,02_00_00_00,5000
247.68,f_a_decision_value,1,flood_agr,G,8,02_00_00_00,5000
183.84,f_a_decision_value,1,flood_agr,G,9,02_00_00_00,5000
304.45,f_a_decision_value,1,flood_agr,G,10,02_00_00_00,5000
208.72,DamAgr_f_tot,1,flood_agr,G,1,02_00_00_00,5000
253.73,DamAgr_f_tot,1,flood_agr,G,2,02_00_00_00,5000
225.18,DamAgr_f_tot,1,flood_agr,G,3,02_00_00_00,5000
151.31,DamAgr_f_tot,1,flood_agr,G,4,02_00_00_00,5000
183.18,DamAgr_f_tot,1,flood_agr,G,5,02_00_00_00,5000
245.07,DamAgr_f_tot,1,flood_agr,G,6,02_00_00_00,5000
144.28,DamAgr_f_tot,1,flood_agr,G,7,02_00_00_00,5000
244.26,DamAgr_f_tot,1,flood_agr,G,8,02_00_00_00,5000
180.35,DamAgr_f_tot,1,flood_agr,G,9,02_00_00_00,5000
334.8,DamAgr_f_tot,1,flood_agr,G,10,02_00_00_00,5000
115.27,invest_f_a,1,flood_agr,G,1,02_00_00_00,5000
2.0,pathways_list_f_a,1,flood_agr,G,1,02_00_00_00,5000
117.57,invest_f_a,1,flood_agr,G,2,02_00_00_00,5000
3.0,pathways_list_f_a,1,flood_agr,G,2,02_00_00_00,5000
116.12,invest_f_a,1,flood_agr,G,3,02_00_00_00,5000
3.0,pathways_list_f_a,1,flood_agr,G,3,02_00_00_00,5000
118.45,invest_f_a,1,flood_agr,G,4,02_00_00_00,5000
3.0,pathways_list_f_a,1,flood_agr,G,4,02_00_00_00,5000
114.22,invest_f_a,1,flood_agr,G,5,02_00_00_00,5000
2.0,pathways_list_f_a,1,flood_agr,G,5,02_00_00_00,5000
113.16,invest_f_a,1,flood_agr,G,6,02_00_00_00,5000
2.0,pathways_list_f_a,1,flood_agr,G,6,02_00_00_00,5000
114.9,invest_f_a,1,flood_agr,G,7,02_00_00_00,5000
2.0,pathways_list_f_a,1,flood_agr,G,7,02_00_00_00,5000
117.35,invest_f_a,1,flood_agr,G,8,02_00_00_00,5000
3.0,pathways_list_f_a,1,flood_agr,G,8,02_00_00_00,5000
115.91,invest_f_a,1,flood_agr,G,9,02_00_00_00,5000
2.0,pathways_list_f_a,1,flood_agr,G,9,02_00_00_00,5000
112.84,invest_f_a,1,flood_agr,G,10,02_00_00_00,5000
2.0,pathways_list_f_a,1,flood_agr,G,10,02_00_00_00,5000
967.46,revenue_agr,1,flood_agr,G,1,02_00_00_00,5000
920.5,revenue_agr,1,flood_agr,G,2,02_00_00_00,5000
965.96,revenue_agr,1,flood_agr,G,3,02_00_00_00,5000
892.73,revenue_agr,1,flood_agr,G,4,02_00_00_00,5000
966.76,revenue_agr,1,flood_agr,G,5,02_00_00_00,5000
967.43,revenue_agr,1,flood_agr,G,6,02_00_00_00,5000
970.0,revenue_agr,1,flood_agr,G,7,02_00_00_00,5000
916.45,revenue_agr,1,flood_agr,G,8,02_00_00_00,5000
970.0,revenue_agr,1,flood_agr,G,9,02_00_00_00,5000
970.0,revenue_agr,1,flood_agr,G,10,02_00_00_00,5000
275.45,f_a_decision_value,1,flood_agr,Wp,1,02_00_00_00,5000
312.78,f_a_decision_value,1,flood_agr,Wp,2,02_00_00_00,5000
339.54,f_a_decision_value,1,flood_agr,Wp,3,02_00_00_00,5000
201.18,f_a_decision_value,1,flood_agr,Wp,4,02_00_00_00,5000
312.3,f_a_decision_value,1,flood_agr,Wp,5,02_00_00_00,5000
369.18,f_a_decision_value,1,flood_agr,Wp,6,02_00_00_00,5000
219.99,f_a_decision_value,1,flood_agr,Wp,7,02_00_00_00,5000
304.92,f_a_decision_value,1,flood_agr,Wp,8,02_00_00_00,5000
224.36,f_a_decision_value,1,flood_agr,Wp,9,02_00_00_00,5000
308.09,f_a_decision_value,1,flood_agr,Wp,10,02_00_00_00,5000
298.42,DamAgr_f_tot,1,flood_agr,Wp,1,02_00_00_00,5000
309.23,DamAgr_f_tot,1,flood_agr,Wp,2,02_00_00_00,5000
353.49,DamAgr_f_tot,1,flood_agr,Wp,3,02_00_00_00,5000
197.73,DamAgr_f_tot,1,flood_agr,Wp,4,02_00_00_00,5000
308.84,DamAgr_f_tot,1,flood_agr,Wp,5,02_00_00_00,5000
377.45,DamAgr_f_tot,1,flood_agr,Wp,6,02_00_00_00,5000
252.99,DamAgr_f_tot,1,flood_agr,Wp,7,02_00_00_00,5000
305.98,DamAgr_f_tot,1,flood_agr,Wp,8,02_00_00_00,5000
220.8,DamAgr_f_tot,1,flood_agr,Wp,9,02_00_00_00,5000
315.86,DamAgr_f_tot,1,flood_agr,Wp,10,02_00_00_00,5000
115.27,invest_f_a,1,flood_agr,Wp,1,02_00_00_00,5000
2.0,pathways_list_f_a,1,flood_agr,Wp,1,02_00_00_00,5000
259.85,invest_f_a,1,flood_agr,Wp,2,02_00_00_00,5000
4.0,pathways_list_f_a,1,flood_agr,Wp,2,02_00_00_00,5000
258.62,invest_f_a,1,flood_agr,Wp,3,02_00_00_00,5000
4.0,pathways_list_f_a,1,flood_agr,Wp,3,02_00_00_00,5000
118.45,invest_f_a,1,flood_agr,Wp,4,02_00_00_00,5000
3.0,pathways_list_f_a,1,flood_agr,Wp,4,02_00_00_00,5000
115.07,invest_f_a,1,flood_agr,Wp,5,02_00_00_00,5000
3.0,pathways_list_f_a,1,flood_agr,Wp,5,02_00_00_00,5000
115.9,invest_f_a,1,flood_agr,Wp,6,02_00_00_00,5000
3.0,pathways_list_f_a,1,flood_agr,Wp,6,02_00_00_00,5000
257.27,invest_f_a,1,flood_agr,Wp,7,02_00_00_00,5000
4.0,pathways_list_f_a,1,flood_agr,Wp,7,02_00_00_00,5000
259.35,invest_f_a,1,flood_agr,Wp,8,02_00_00_00,5000
4.0,pathways_list_f_a,1,flood_agr,Wp,8,02_00_00_00,5000
259.02,invest_f_a,1,flood_agr,Wp,9,02_00_00_00,5000
4.0,pathways_list_f_a,1,flood_agr,Wp,9,02_00_00_00,5000
256.69,invest_f_a,1,flood_agr,Wp,10,02_00_00_00,5000
4.0,pathways_list_f_a,1,flood_agr,Wp,10,02_00_00_00,5000
967.35,revenue_agr,1,flood_agr,Wp,1,02_00_00_00,5000
905.0,revenue_agr,1,flood_agr,Wp,2,02_00_00_00,5000
941.88,revenue_agr,1,flood_agr,Wp,3,02_00_00_00,5000
892.62,revenue_agr,1,flood_agr,Wp,4,02_00_00_00,5000
938.51,revenue_agr,1,flood_agr,Wp,5,02_00_00_00,5000
950.22,revenue_agr,1,flood_agr,Wp,6,02_00_00_00,5000
950.04,revenue_agr,1,flood_agr,Wp,7,02_00_00_00,5000
914.84,revenue_agr,1,flood_agr,Wp,8,02_00_00_00,5000
915.46,revenue_agr,1,flood_agr,Wp,9,02_00_00_00,5000
952.83,revenue_agr,1,flood_agr,Wp,10,02_00_00_00,5000
168.65,f_a_decision_value,1,flood_agr,D,1,03_00_00_00,5000
306.42,f_a_decision_value,1,flood_agr,D,2,03_00_00_00,5000
167.28,f_a_decision_value,1,flood_agr,D,3,03_00_00_00,5000
157.66,f_a_decision_value,1,flood_agr,D,4,03_00_00_00,5000
100.5,f_a_decision_value,1,flood_agr,D,5,03_00_00_00,5000
169.86,f_a_decision_value,1,flood_agr,D,6,03_00_00_00,5000
110.8,f_a_decision_value,1,flood_agr,D,7,03_00_00_00,5000
221.72,f_a_decision_value,1,flood_agr,D,8,03_00_00_00,5000
201.26,f_a_decision_value,1,flood_agr,D,9,03_00_00_00,5000
119.88,f_a_decision_value,1,flood_agr,D,10,03_00_00_00,5000
187.58,DamAgr_f_tot,1,flood_agr,D,1,03_00_00_00,5000
323.68,DamAgr_f_tot,1,flood_agr,D,2,03_00_00_00,5000
193.59,DamAgr_f_tot,1,flood_agr,D,3,03_00_00_00,5000
158.58,DamAgr_f_tot,1,flood_agr,D,4,03_00_00_00,5000
101.5,DamAgr_f_tot,1,flood_agr,D,5,03_00_00_00,5000
177.65,DamAgr_f_tot,1,flood_agr,D,6,03_00_00_00,5000
107.68,DamAgr_f_tot,1,flood_agr,D,7,03_00_00_00,5000
229.55,DamAgr_f_tot,1,flood_agr,D,8,03_00_00_00,5000
197.82,DamAgr_f_tot,1,flood_agr,D,9,03_00_00_00,5000
128.9,DamAgr_f_tot,1,flood_agr,D,10,03_00_00_00,5000
4.04,invest_f_a,1,flood_agr,D,1,03_00_00_00,5000
2.0,pathways_list_f_a,1,flood_agr,D,1,03_00_00_00,5000
3.93,invest_f_a,1,flood_agr,D,2,03_00_00_00,5000
2.0,pathways_list_f_a,1,flood_agr,D,2,03_00_00_00,5000
1.59,invest_f_a,1,flood_agr,D,3,03_00_00_00,5000
1.0,pathways_list_f_a,1,flood_agr,D,3,03_00_00_00,5000
1.67,invest_f_a,1,flood_agr,D,4,03_00_00_00,5000
1.0,pathways_list_f_a,1,flood_agr,D,4,03_00_00_00,5000
2.24,invest_f_a,1,flood_agr,D,5,03_00_00_00,5000
2.0,pathways_list_f_a,1,flood_agr,D,5,03_00_00_00,5000
0.85,invest_f_a,1,flood_agr,D,6,03_00_00_00,5000
2.0,pathways_list_f_a,1,flood_agr,D,6,03_00_00_00,5000
1.99,invest_f_a,1,flood_agr,D,7,03_00_00_00,5000
2.0,pathways_list_f_a,1,flood_agr,D,7,03_00_00_00,5000
4.0,invest_f_a,1,flood_agr,D,8,03_00_00_00,5000
2.0,pathways_list_f_a,1,flood_agr,D,8,03_00_00_00,5000
116.54,invest_f_a,1,flood_agr,D,9,03_00_00_00,5000
3.0,pathways_list_f_a,1,flood_agr,D,9,03_00_00_00,5000
0.37,invest_f_a,1,flood_agr,D,10,03_00_00_00,5000
1.0,pathways_list_f_a,1,flood_agr,D,10,03_00_00_00,5000
904.17,revenue_agr,1,flood_agr,D,1,03_00_00_00,5000
875.73,revenue_agr,1,flood_agr,D,2,03_00_00_00,5000
888.6,revenue_agr,1,flood_agr,D,3,03_00_00_00,5000
881.31,revenue_agr,1,flood_agr,D,4,03_00_00_00,5000
924.72,revenue_agr,1,flood_agr,D,5,03_00_00_00,5000
947.27,revenue_agr,1,flood_agr,D,6,03_00_00_00,5000
913.44,revenue_agr,1,flood_agr,D,7,03_00_00_00,5000
876.23,revenue_agr,1,flood_agr,D,8,03_00_00_00,5000
894.25,revenue_agr,1,flood_agr,D,9,03_00_00_00,5000
952.83,revenue_agr,1,flood_agr,D,10,03_00_00_00,5000
227.09,f_a_decision_value,1,flood_agr,G,1,03_00_00_00,5000
372.34,f_a_decision_value,1,flood_agr,G,2,03_00_00_00,5000
248.99,f_a_decision_value,1,flood_agr,G,3,03_00_00_00,5000
167.89,f_a_decision_value,1,flood_agr,G,4,03_00_00_00,5000
210.56,f_a_decision_value,1,flood_agr,G,5,03_00_00_00,5000
241.24,f_a_decision_value,1,flood_agr,G,6,03_00_00_00,5000
165.3,f_a_decision_value,1,flood_agr,G,7,03_00_00_00,5000
264.54,f_a_decision_value,1,flood_agr,G,8,03_00_00_00,5000
204.92,f_a_decision_value,1,flood_agr,G,9,03_00_00_00,5000
299.23,f_a_decision_value,1,flood_agr,G,10,03_00_00_00,5000
246.62,DamAgr_f_tot,1,flood_agr,G,1,03_00_00_00,5000
382.1,DamAgr_f_tot,1,flood_agr,G,2,03_00_00_00,5000
271.22,DamAgr_f_tot,1,flood_agr,G,3,03_00_00_00,5000
168.34,DamAgr_f_tot,1,flood_agr,G,4,03_00_00_00,5000
211.7,DamAgr_f_tot,1,flood_agr,G,5,03_00_00_00,5000
264.6,DamAgr_f_tot,1,flood_agr,G,6,03_00_00_00,5000
219.19,DamAgr_f_tot,1,flood_agr,G,7,03_00_00_00,5000
261.09,DamAgr_f_tot,1,flood_agr,G,8,03_00_00_00,5000
201.42,DamAgr_f_tot,1,flood_agr,G,9,03_00_00_00,5000
330.61,DamAgr_f_tot,1,flood_agr,G,10,03_00_00_00,5000
4.04,invest_f_a,1,flood_agr,G,1,03_00_00_00,5000
2.0,pathways_list_f_a,1,flood_agr,G,1,03_00_00_00,5000
115.99,invest_f_a,1,flood_agr,G,2,03_00_00_00,5000
3.0,pathways_list_f_a,1,flood_agr,G,2,03_00_00_00,5000
114.91,invest_f_a,1,flood_agr,G,3,03_00_00_00,5000
3.0,pathways_list_f_a,1,flood_agr,G,3,03_00_00_00,5000
6.23,invest_f_a,1,flood_agr,G,4,03_00_00_00,5000
2.0,pathways_list_f_a,1,flood_agr,G,4,03_00_00_00,5000
2.58,invest_f_a,1,flood_agr,G,5,03_00_00_00,5000
2.0,pathways_list_f_a,1,flood_agr,G,5,03_00_00_00,5000
1.12,invest_f_a,1,flood_agr,G,6,03_00_00_00,5000
2.0,pathways_list_f_a,1,flood_agr,G,6,03_00_00_00,5000
1.99,invest_f_a,1,flood_agr,G,7,03_00_00_00,5000
2.0,pathways_list_f_a,1,flood_agr,G,7,03_00_00_00,5000
117.64,invest_f_a,1,flood_agr,G,8,03_00_00_00,5000
3.0,pathways_list_f_a,1,flood_agr,G,8,03_00_00_00,5000
116.54,invest_f_a,1,flood_agr,G,9,03_00_00_00,5000
3.0,pathways_list_f_a,1,flood_agr,G,9,03_00_00_00,5000
0.69,invest_f_a,1,flood_agr,G,10,03_00_00_00,5000
2.0,pathways_list_f_a,1,flood_agr,G,10,03_00_00_00,5000
904.11,revenue_agr,1,flood_agr,G,1,03_00_00_00,5000
871.15,revenue_agr,1,flood_agr,G,2,03_00_00_00,5000
888.48,revenue_agr,1,flood_agr,G,3,03_00_00_00,5000
866.71,revenue_agr,1,flood_agr,G,4,03_00_00_00,5000
923.59,revenue_agr,1,flood_agr,G,5,03_00_00_00,5000
944.2,revenue_agr,1,flood_agr,G,6,03_00_00_00,5000
910.82,revenue_agr,1,flood_agr,G,7,03_00_00_00,5000
875.22,revenue_agr,1,flood_agr,G,8,03_00_00_00,5000
894.25,revenue_agr,1,flood_agr,G,9,03_00_00_00,5000
952.83,revenue_agr,1,flood_agr,G,10,03_00_00_00,5000
329.9,f_a_decision_value,1,flood_agr,Wp,1,03_00_00_00,5000
425.44,f_a_decision_value,1,flood_agr,Wp,2,03_00_00_00,5000
417.12,f_a_decision_value,1,flood_agr,Wp,3,03_00_00_00,5000
214.05,f_a_decision_value,1,flood_agr,Wp,4,03_00_00_00,5000
367.11,f_a_decision_value,1,flood_agr,Wp,5,03_00_00_00,5000
439.54,f_a_decision_value,1,flood_agr,Wp,6,03_00_00_00,5000
260.11,f_a_decision_value,1,flood_agr,Wp,7,03_00_00_00,5000
365.12,f_a_decision_value,1,flood_agr,Wp,8,03_00_00_00,5000
304.09,f_a_decision_value,1,flood_agr,Wp,9,03_00_00_00,5000
374.31,f_a_decision_value,1,flood_agr,Wp,10,03_00_00_00,5000
350.13,DamAgr_f_tot,1,flood_agr,Wp,1,03_00_00_00,5000
421.99,DamAgr_f_tot,1,flood_agr,Wp,2,03_00_00_00,5000
430.99,DamAgr_f_tot,1,flood_agr,Wp,3,03_00_00_00,5000
210.59,DamAgr_f_tot,1,flood_agr,Wp,4,03_00_00_00,5000
363.68,DamAgr_f_tot,1,flood_agr,Wp,5,03_00_00_00,5000
448.34,DamAgr_f_tot,1,flood_agr,Wp,6,03_00_00_00,5000
256.55,DamAgr_f_tot,1,flood_agr,Wp,7,03_00_00_00,5000
366.21,DamAgr_f_tot,1,flood_agr,Wp,8,03_00_00_00,5000
300.49,DamAgr_f_tot,1,flood_agr,Wp,9,03_00_00_00,5000
420.34,DamAgr_f_tot,1,flood_agr,Wp,10,03_00_00_00,5000
116.04,invest_f_a,1,flood_agr,Wp,1,03_00_00_00,5000
3.0,pathways_list_f_a,1,flood_agr,Wp,1,03_00_00_00,5000
260.0,invest_f_a,1,flood_agr,Wp,2,03_00_00_00,5000
4.0,pathways_list_f_a,1,flood_agr,Wp,2,03_00_00_00,5000
258.28,invest_f_a,1,flood_agr,Wp,3,03_00_00_00,5000
4.0,pathways_list_f_a,1,flood_agr,Wp,3,03_00_00_00,5000
118.23,invest_f_a,1,flood_agr,Wp,4,03_00_00_00,5000
3.0,pathways_list_f_a,1,flood_agr,Wp,4,03_00_00_00,5000
114.94,invest_f_a,1,flood_agr,Wp,5,03_00_00_00,5000
3.0,pathways_list_f_a,1,flood_agr,Wp,5,03_00_00_00,5000
256.57,invest_f_a,1,flood_agr,Wp,6,03_00_00_00,5000
4.0,pathways_list_f_a,1,flood_agr,Wp,6,03_00_00_00,5000
257.26,invest_f_a,1,flood_agr,Wp,7,03_00_00_00,5000
4.0,pathways_list_f_a,1,flood_agr,Wp,7,03_00_00_00,5000
259.64,invest_f_a,1,flood_agr,Wp,8,03_00_00_00,5000
4.0,pathways_list_f_a,1,flood_agr,Wp,8,03_00_00_00,5000
116.7,invest_f_a,1,flood_agr,Wp,9,03_00_00_00,5000
3.0,pathways_list_f_a,1,flood_agr,Wp,9,03_00_00_00,5000
113.77,invest_f_a,1,flood_agr,Wp,10,03_00_00_00,5000
3.0,pathways_list_f_a,1,flood_agr,Wp,10,03_00_00_00,5000
904.0,revenue_agr,1,flood_agr,Wp,1,03_00_00_00,5000
871.01,revenue_agr,1,flood_agr,Wp,2,03_00_00_00,5000
889.36,revenue_agr,1,flood_agr,Wp,3,03_00_00_00,5000
866.61,revenue_agr,1,flood_agr,Wp,4,03_00_00_00,5000
918.32,revenue_agr,1,flood_agr,Wp,5,03_00_00_00,5000
894.87,revenue_agr,1,flood_agr,Wp,6,03_00_00_00,5000
913.44,revenue_agr,1,flood_agr,Wp,7,03_00_00_00,5000
873.67,revenue_agr,1,flood_agr,Wp,8,03_00_00_00,5000
894.25,revenue_agr,1,flood_agr,Wp,9,03_00_00_00,5000
924.55,revenue_agr,1,flood_agr,Wp,10,03_00_00_00,5000
151.7,f_a_decision_value,1,flood_agr,D,1,04_00_00_00,5000
293.84,f_a_decision_value,1,flood_agr,D,2,04_00_00_00,5000
167.28,f_a_decision_value,1,flood_agr,D,3,04_00_00_00,5000
157.62,f_a_decision_value,1,flood_agr,D,4,04_00_00_00,5000
92.9,f_a_decision_value,1,flood_agr,D,5,04_00_00_00,5000
169.86,f_a_decision_value,1,flood_agr,D,6,04_00_00_00,5000
108.35,f_a_decision_value,1,flood_agr,D,7,04_00_00_00,5000
219.95,f_a_decision_value,1,flood_agr,D,8,04_00_00_00,5000
170.66,f_a_decision_value,1,flood_agr,D,9,04_00_00_00,5000
119.91,f_a_decision_value,1,flood_agr,D,10,04_00_00_00,5000
148.28,DamAgr_f_tot,1,flood_agr,D,1,04_00_00_00,5000
290.33,DamAgr_f_tot,1,flood_agr,D,2,04_00_00_00,5000
193.7,DamAgr_f_tot,1,flood_agr,D,3,04_00_00_00,5000
158.44,DamAgr_f_tot,1,flood_agr,D,4,04_00_00_00,5000
89.46,DamAgr_f_tot,1,flood_agr,D,5,04_00_00_00,5000
177.63,DamAgr_f_tot,1,flood_agr,D,6,04_00_00_00,5000
104.8,DamAgr_f_tot,1,flood_agr,D,7,04_00_00_00,5000
216.53,DamAgr_f_tot,1,flood_agr,D,8,04_00_00_00,5000
167.21,DamAgr_f_tot,1,flood_agr,D,9,04_00_00_00,5000
128.92,DamAgr_f_tot,1,flood_agr,D,10,04_00_00_00,5000
113.29,invest_f_a,1,flood_agr,D,1,04_00_00_00,5000
2.0,pathways_list_f_a,1,flood_agr,D,1,04_00_00_00,5000
113.77,invest_f_a,1,flood_agr,D,2,04_00_00_00,5000
2.0,pathways_list_f_a,1,flood_agr,D,2,04_00_00_00,5000
1.59,invest_f_a,1,flood_agr,D,3,04_00_00_00,5000
1.0,pathways_list_f_a,1,flood_agr,D,3,04_00_00_00,5000
1.67,invest_f_a,1,flood_agr,D,4,04_00_00_00,5000
1.0,pathways_list_f_a,1,flood_agr,D,4,04_00_00_00,5000
112.87,invest_f_a,1,flood_agr,D,5,04_00_00_00,5000
2.0,pathways_list_f_a,1,flood_agr,D,5,04_00_00_00,5000
112.43,invest_f_a,1,flood_agr,D,6,04_00_00_00,5000
2.0,pathways_list_f_a,1,flood_agr,D,6,04_00_00_00,5000
113.15,invest_f_a,1,flood_agr,D,7,04_00_00_00,5000
2.0,pathways_list_f_a,1,flood_agr,D,7,04_00_00_00,5000
113.73,invest_f_a,1,flood_agr,D,8,04_00_00_00,5000
2.0,pathways_list_f_a,1,flood_agr,D,8,04_00_00_00,5000
113.53,invest_f_a,1,flood_agr,D,9,04_00_00_00,5000
2.0,pathways_list_f_a,1,flood_agr,D,9,04_00_00_00,5000
0.37,invest_f_a,1,flood_agr,D,10,04_00_00_00,5000
1.0,pathways_list_f_a,1,flood_agr,D,10,04_00_00_00,5000
906.37,revenue_agr,1,flood_agr,D,1,04_00_00_00,5000
875.74,revenue_agr,1,flood_agr,D,2,04_00_00_00,5000
888.6,revenue_agr,1,flood_agr,D,3,04_00_00_00,5000
881.31,revenue_agr,1,flood_agr,D,4,04_00_00_00,5000
924.73,revenue_agr,1,flood_agr,D,5,04_00_00_00,5000
947.27,revenue_agr,1,flood_agr,D,6,04_00_00_00,5000
913.44,revenue_agr,1,flood_agr,D,7,04_00_00_00,5000
876.9,revenue_agr,1,flood_agr,D,8,04_00_00_00,5000
894.25,revenue_agr,1,flood_agr,D,9,04_00_00_00,5000
952.83,revenue_agr,1,flood_agr,D,10,04_00_00_00,5000
186.2,f_a_decision_value,1,flood_agr,G,1,04_00_00_00,5000
372.21,f_a_decision_value,1,flood_agr,G,2,04_00_00_00,5000
191.3,f_a_decision_value,1,flood_agr,G,3,04_00_00_00,5000
146.58,f_a_decision_value,1,flood_agr,G,4,04_00_00_00,5000
177.05,f_a_decision_value,1,flood_agr,G,5,04_00_00_00,5000
227.66,f_a_decision_value,1,flood_agr,G,6,04_00_00_00,5000
141.73,f_a_decision_value,1,flood_agr,G,7,04_00_00_00,5000
239.54,f_a_decision_value,1,flood_agr,G,8,04_00_00_00,5000
174.26,f_a_decision_value,1,flood_agr,G,9,04_00_00_00,5000
298.65,f_a_decision_value,1,flood_agr,G,10,04_00_00_00,5000
206.2,DamAgr_f_tot,1,flood_agr,G,1,04_00_00_00,5000
382.0,DamAgr_f_tot,1,flood_agr,G,2,04_00_00_00,5000
214.28,DamAgr_f_tot,1,flood_agr,G,3,04_00_00_00,5000
143.01,DamAgr_f_tot,1,flood_agr,G,4,04_00_00_00,5000
173.52,DamAgr_f_tot,1,flood_agr,G,5,04_00_00_00,5000
236.36,DamAgr_f_tot,1,flood_agr,G,6,04_00_00_00,5000
138.26,DamAgr_f_tot,1,flood_agr,G,7,04_00_00_00,5000
236.11,DamAgr_f_tot,1,flood_agr,G,8,04_00_00_00,5000
170.77,DamAgr_f_tot,1,flood_agr,G,9,04_00_00_00,5000
326.62,DamAgr_f_tot,1,flood_agr,G,10,04_00_00_00,5000
113.29,invest_f_a,1,flood_agr,G,1,04_00_00_00,5000
2.0,pathways_list_f_a,1,flood_agr,G,1,04_00_00_00,5000
115.47,invest_f_a,1,flood_agr,G,2,04_00_00_00,5000
3.0,pathways_list_f_a,1,flood_agr,G,2,04_00_00_00,5000
113.59,invest_f_a,1,flood_agr,G,3,04_00_00_00,5000
2.0,pathways_list_f_a,1,flood_agr,G,3,04_00_00_00,5000
113.95,invest_f_a,1,flood_agr,G,4,04_00_00_00,5000
2.0,pathways_list_f_a,1,flood_agr,G,4,04_00_00_00,5000
112.89,invest_f_a,1,flood_agr,G,5,04_00_00_00,5000
2.0,pathways_list_f_a,1,flood_agr,G,5,04_00_00_00,5000
112.49,invest_f_a,1,flood_agr,G,6,04_00_00_00,5000
2.0,pathways_list_f_a,1,flood_agr,G,6,04_00_00_00,5000
113.15,invest_f_a,1,flood_agr,G,7,04_00_00_00,5000
2.0,pathways_list_f_a,1,flood_agr,G,7,04_00_00_00,5000
116.0,invest_f_a,1,flood_agr,G,8,04_00_00_00,5000
3.0,pathways_list_f_a,1,flood_agr,G,8,04_00_00_00,5000
113.53,invest_f_a,1,flood_agr,G,9,04_00_00_00,5000
2.0,pathways_list_f_a,1,flood_agr,G,9,04_00_00_00,5000
112.37,invest_f_a,1,flood_agr,G,10,04_00_00_00,5000
2.0,pathways_list_f_a,1,flood_agr,G,10,04_00_00_00,5000
904.02,revenue_agr,1,flood_agr,G,1,04_00_00_00,5000
871.15,revenue_agr,1,flood_agr,G,2,04_00_00_00,5000
888.39,revenue_agr,1,flood_agr,G,3,04_00_00_00,5000
866.71,revenue_agr,1,flood_agr,G,4,04_00_00_00,5000
923.51,revenue_agr,1,flood_agr,G,5,04_00_00_00,5000
944.2,revenue_agr,1,flood_agr,G,6,04_00_00_00,5000
913.44,revenue_agr,1,flood_agr,G,7,04_00_00_00,5000
875.22,revenue_agr,1,flood_agr,G,8,04_00_00_00,5000
894.25,revenue_agr,1,flood_agr,G,9,04_00_00_00,5000
952.83,revenue_agr,1,flood_agr,G,10,04_00_00_00,5000
269.52,f_a_decision_value,1,flood_agr,Wp,1,04_00_00_00,5000
321.14,f_a_decision_value,1,flood_agr,Wp,2,04_00_00_00,5000
327.51,f_a_decision_value,1,flood_agr,Wp,3,04_00_00_00,5000
191.0,f_a_decision_value,1,flood_agr,Wp,4,04_00_00_00,5000
301.05,f_a_decision_value,1,flood_agr,Wp,5,04_00_00_00,5000
353.49,f_a_decision_value,1,flood_agr,Wp,6,04_00_00_00,5000
211.59,f_a_decision_value,1,flood_agr,Wp,7,04_00_00_00,5000
296.31,f_a_decision_value,1,flood_agr,Wp,8,04_00_00_00,5000
281.97,f_a_decision_value,1,flood_agr,Wp,9,04_00_00_00,5000
299.24,f_a_decision_value,1,flood_agr,Wp,10,04_00_00_00,5000
290.69,DamAgr_f_tot,1,flood_agr,Wp,1,04_00_00_00,5000
335.82,DamAgr_f_tot,1,flood_agr,Wp,2,04_00_00_00,5000
341.39,DamAgr_f_tot,1,flood_agr,Wp,3,04_00_00_00,5000
187.57,DamAgr_f_tot,1,flood_agr,Wp,4,04_00_00_00,5000
297.56,DamAgr_f_tot,1,flood_agr,Wp,5,04_00_00_00,5000
361.8,DamAgr_f_tot,1,flood_agr,Wp,6,04_00_00_00,5000
244.65,DamAgr_f_tot,1,flood_agr,Wp,7,04_00_00_00,5000
297.32,DamAgr_f_tot,1,flood_agr,Wp,8,04_00_00_00,5000
278.47,DamAgr_f_tot,1,flood_agr,Wp,9,04_00_00_00,5000
307.39,DamAgr_f_tot,1,flood_agr,Wp,10,04_00_00_00,5000
113.29,invest_f_a,1,flood_agr,Wp,1,04_00_00_00,5000
2.0,pathways_list_f_a,1,flood_agr,Wp,1,04_00_00_00,5000
257.99,invest_f_a,1,flood_agr,Wp,2,04_00_00_00,5000
4.0,pathways_list_f_a,1,flood_agr,Wp,2,04_00_00_00,5000
256.91,invest_f_a,1,flood_agr,Wp,3,04_00_00_00,5000
4.0,pathways_list_f_a,1,flood_agr,Wp,3,04_00_00_00,5000
117.59,invest_f_a,1,flood_agr,Wp,4,04_00_00_00,5000
3.0,pathways_list_f_a,1,flood_agr,Wp,4,04_00_00_00,5000
114.42,invest_f_a,1,flood_agr,Wp,5,04_00_00_00,5000
3.0,pathways_list_f_a,1,flood_agr,Wp,5,04_00_00_00,5000
114.04,invest_f_a,1,flood_agr,Wp,6,04_00_00_00,5000
3.0,pathways_list_f_a,1,flood_agr,Wp,6,04_00_00_00,5000
255.99,invest_f_a,1,flood_agr,Wp,7,04_00_00_00,5000
4.0,pathways_list_f_a,1,flood_agr,Wp,7,04_00_00_00,5000
258.0,invest_f_a,1,flood_agr,Wp,8,04_00_00_00,5000
4.0,pathways_list_f_a,1,flood_agr,Wp,8,04_00_00_00,5000
115.54,invest_f_a,1,flood_agr,Wp,9,04_00_00_00,5000
3.0,pathways_list_f_a,1,flood_agr,Wp,9,04_00_00_00,5000
113.25,invest_f_a,1,flood_agr,Wp,10,04_00_00_00,5000
3.0,pathways_list_f_a,1,flood_agr,Wp,10,04_00_00_00,5000
903.91,revenue_agr,1,flood_agr,Wp,1,04_00_00_00,5000
870.83,revenue_agr,1,flood_agr,Wp,2,04_00_00_00,5000
889.36,revenue_agr,1,flood_agr,Wp,3,04_00_00_00,5000
866.62,revenue_agr,1,flood_agr,Wp,4,04_00_00_00,5000
918.31,revenue_agr,1,flood_agr,Wp,5,04_00_00_00,5000
894.87,revenue_agr,1,flood_agr,Wp,6,04_00_00_00,5000
910.65,revenue_agr,1,flood_agr,Wp,7,04_00_00_00,5000
873.67,revenue_agr,1,flood_agr,Wp,8,04_00_00_00,5000
894.25,revenue_agr,1,flood_agr,Wp,9,04_00_00_00,5000
924.55,revenue_agr,1,flood_agr,Wp,10,04_00_00_00,5000
144.05,f_a_decision_value,1,flood_agr,D,1,05_00_00_00,5000
192.17,f_a_decision_value,1,flood_agr,D,2,05_00_00_00,5000
66.35,f_a_decision_value,1,flood_agr,D,3,05_00_00_00,5000
149.09,f_a_decision_value,1,flood_agr,D,4,05_00_00_00,5000
66.8,f_a_decision_value,1,flood_agr,D,5,05_00_00_00,5000
116.75,f_a_decision_value,1,flood_agr,D,6,05_00_00_00,5000
70.1,f_a_decision_value,1,flood_agr,D,7,05_00_00_00,5000
137.51,f_a_decision_value,1,flood_agr,D,8,05_00_00_00,5000
80.21,f_a_decision_value,1,flood_agr,D,9,05_00_00_00,5000
98.86,f_a_decision_value,1,flood_agr,D,10,05_00_00_00,5000
140.61,DamAgr_f_tot,1,flood_agr,D,1,05_00_00_00,5000
188.73,DamAgr_f_tot,1,flood_agr,D,2,05_00_00_00,5000
62.8,DamAgr_f_tot,1,flood_agr,D,3,05_00_00_00,5000
145.63,DamAgr_f_tot,1,flood_agr,D,4,05_00_00_00,5000
63.42,DamAgr_f_tot,1,flood_agr,D,5,05_00_00_00,5000
113.29,DamAgr_f_tot,1,flood_agr,D,6,05_00_00_00,5000
66.58,DamAgr_f_tot,1,flood_agr,D,7,05_00_00_00,5000
134.13,DamAgr_f_tot,1,flood_agr,D,8,05_00_00_00,5000
76.77,DamAgr_f_tot,1,flood_agr,D,9,05_00_00_00,5000
95.29,DamAgr_f_tot,1,flood_agr,D,10,05_00_00_00,5000
254.0,invest_f_a,1,flood_agr,D,1,05_00_00_00,5000
2.0,pathways_list_f_a,1,flood_agr,D,1,05_00_00_00,5000
254.0,invest_f_a,1,flood_agr,D,2,05_00_00_00,5000
2.0,pathways_list_f_a,1,flood_agr,D,2,05_00_00_00,5000
112.0,invest_f_a,1,flood_agr,D,3,05_00_00_00,5000
1.0,pathways_list_f_a,1,flood_agr,D,3,05_00_00_00,5000
254.0,invest_f_a,1,flood_agr,D,4,05_00_00_00,5000
2.0,pathways_list_f_a,1,flood_agr,D,4,05_00_00_00,5000
254.0,invest_f_a,1,flood_agr,D,5,05_00_00_00,5000
2.0,pathways_list_f_a,1,flood_agr,D,5,05_00_00_00,5000
112.0,invest_f_a,1,flood_agr,D,6,05_00_00_00,5000
1.0,pathways_list_f_a,1,flood_agr,D,6,05_00_00_00,5000
112.0,invest_f_a,1,flood_agr,D,7,05_00_00_00,5000
1.0,pathways_list_f_a,1,flood_agr,D,7,05_00_00_00,5000
254.0,invest_f_a,1,flood_agr,D,8,05_00_00_00,5000
2.0,pathways_list_f_a,1,flood_agr,D,8,05_00_00_00,5000
254.0,invest_f_a,1,flood_agr,D,9,05_00_00_00,5000
2.0,pathways_list_f_a,1,flood_agr,D,9,05_00_00_00,5000
112.0,invest_f_a,1,flood_agr,D,10,05_00_00_00,5000
1.0,pathways_list_f_a,1,flood_agr,D,10,05_00_00_00,5000
970.0,revenue_agr,1,flood_agr,D,1,05_00_00_00,5000
966.75,revenue_agr,1,flood_agr,D,2,05_00_00_00,5000
970.0,revenue_agr,1,flood_agr,D,3,05_00_00_00,5000
964.13,revenue_agr,1,flood_agr,D,4,05_00_00_00,5000
966.82,revenue_agr,1,flood_agr,D,5,05_00_00_00,5000
967.47,revenue_agr,1,flood_agr,D,6,05_00_00_00,5000
970.0,revenue_agr,1,flood_agr,D,7,05_00_00_00,5000
962.44,revenue_agr,1,flood_agr,D,8,05_00_00_00,5000
970.0,revenue_agr,1,flood_agr,D,9,05_00_00_00,5000
970.0,revenue_agr,1,flood_agr,D,10,05_00_00_00,5000
177.95,f_a_decision_value,1,flood_agr,G,1,05_00_00_00,5000
173.96,f_a_decision_value,1,flood_agr,G,2,05_00_00_00,5000
131.45,f_a_decision_value,1,flood_agr,G,3,05_00_00_00,5000
121.76,f_a_decision_value,1,flood_agr,G,4,05_00_00_00,5000
134.14,f_a_decision_value,1,flood_agr,G,5,05_00_00_00,5000
201.83,f_a_decision_value,1,flood_agr,G,6,05_00_00_00,5000
80.45,f_a_decision_value,1,flood_agr,G,7,05_00_00_00,5000
197.34,f_a_decision_value,1,flood_agr,G,8,05_00_00_00,5000
126.8,f_a_decision_value,1,flood_agr,G,9,05_00_00_00,5000
242.84,f_a_decision_value,1,flood_agr,G,10,05_00_00_00,5000
174.43,DamAgr_f_tot,1,flood_agr,G,1,05_00_00_00,5000
170.4,DamAgr_f_tot,1,flood_agr,G,2,05_00_00_00,5000
127.99,DamAgr_f_tot,1,flood_agr,G,3,05_00_00_00,5000
118.29,DamAgr_f_tot,1,flood_agr,G,4,05_00_00_00,5000
130.64,DamAgr_f_tot,1,flood_agr,G,5,05_00_00_00,5000
198.41,DamAgr_f_tot,1,flood_agr,G,6,05_00_00_00,5000
77.01,DamAgr_f_tot,1,flood_agr,G,7,05_00_00_00,5000
193.98,DamAgr_f_tot,1,flood_agr,G,8,05_00_00_00,5000
123.33,DamAgr_f_tot,1,flood_agr,G,9,05_00_00_00,5000
249.05,DamAgr_f_tot,1,flood_agr,G,10,05_00_00_00,5000
254.0,invest_f_a,1,flood_agr,G,1,05_00_00_00,5000
2.0,pathways_list_f_a,1,flood_agr,G,1,05_00_00_00,5000
256.16,invest_f_a,1,flood_agr,G,2,05_00_00_00,5000
3.0,pathways_list_f_a,1,flood_agr,G,2,05_00_00_00,5000
254.0,invest_f_a,1,flood_agr,G,3,05_00_00_00,5000
2.0,pathways_list_f_a,1,flood_agr,G,3,05_00_00_00,5000
254.0,invest_f_a,1,flood_agr,G,4,05_00_00_00,5000
2.0,pathways_list_f_a,1,flood_agr,G,4,05_00_00_00,5000
254.0,invest_f_a,1,flood_agr,G,5,05_00_00_00,5000
2.0,pathways_list_f_a,1,flood_agr,G,5,05_00_00_00,5000
254.0,invest_f_a,1,flood_agr,G,6,05_00_00_00,5000
2.0,pathways_list_f_a,1,flood_agr,G,6,05_00_00_00,5000
112.0,invest_f_a,1,flood_agr,G,7,05_00_00_00,5000
1.0,pathways_list_f_a,1,flood_agr,G,7,05_00_00_00,5000
254.0,invest_f_a,1,flood_agr,G,8,05_00_00_00,5000
2.0,pathways_list_f_a,1,flood_agr,G,8,05_00_00_00,5000
254.0,invest_f_a,1,flood_agr,G,9,05_00_00_00,5000
2.0,pathways_list_f_a,1,flood_agr,G,9,05_00_00_00,5000
254.0,invest_f_a,1,flood_agr,G,10,05_00_00_00,5000
2.0,pathways_list_f_a,1,flood_agr,G,10,05_00_00_00,5000
970.0,revenue_agr,1,flood_agr,G,1,05_00_00_00,5000
963.58,revenue_agr,1,flood_agr,G,2,05_00_00_00,5000
970.0,revenue_agr,1,flood_agr,G,3,05_00_00_00,5000
966.96,revenue_agr,1,flood_agr,G,4,05_00_00_00,5000
966.68,revenue_agr,1,flood_agr,G,5,05_00_00_00,5000
967.43,revenue_agr,1,flood_agr,G,6,05_00_00_00,5000
970.0,revenue_agr,1,flood_agr,G,7,05_00_00_00,5000
960.76,revenue_agr,1,flood_agr,G,8,05_00_00_00,5000
970.0,revenue_agr,1,flood_agr,G,9,05_00_00_00,5000
970.0,revenue_agr,1,flood_agr,G,10,05_00_00_00,5000
189.65,f_a_decision_value,1,flood_agr,Wp,1,05_00_00_00,5000
214.07,f_a_decision_value,1,flood_agr,Wp,2,05_00_00_00,5000
140.81,f_a_decision_value,1,flood_agr,Wp,3,05_00_00_00,5000
64.37,f_a_decision_value,1,flood_agr,Wp,4,05_00_00_00,5000
229.48,f_a_decision_value,1,flood_agr,Wp,5,05_00_00_00,5000
237.65,f_a_decision_value,1,flood_agr,Wp,6,05_00_00_00,5000
108.2,f_a_decision_value,1,flood_agr,Wp,7,05_00_00_00,5000
229.56,f_a_decision_value,1,flood_agr,Wp,8,05_00_00_00,5000
115.4,f_a_decision_value,1,flood_agr,Wp,9,05_00_00_00,5000
177.5,f_a_decision_value,1,flood_agr,Wp,10,05_00_00_00,5000
186.14,DamAgr_f_tot,1,flood_agr,Wp,1,05_00_00_00,5000
210.65,DamAgr_f_tot,1,flood_agr,Wp,2,05_00_00_00,5000
156.98,DamAgr_f_tot,1,flood_agr,Wp,3,05_00_00_00,5000
60.84,DamAgr_f_tot,1,flood_agr,Wp,4,05_00_00_00,5000
225.94,DamAgr_f_tot,1,flood_agr,Wp,5,05_00_00_00,5000
234.08,DamAgr_f_tot,1,flood_agr,Wp,6,05_00_00_00,5000
104.61,DamAgr_f_tot,1,flood_agr,Wp,7,05_00_00_00,5000
231.31,DamAgr_f_tot,1,flood_agr,Wp,8,05_00_00_00,5000
111.88,DamAgr_f_tot,1,flood_agr,Wp,9,05_00_00_00,5000
174.01,DamAgr_f_tot,1,flood_agr,Wp,10,05_00_00_00,5000
254.0,invest_f_a,1,flood_agr,Wp,1,05_00_00_00,5000
2.0,pathways_list_f_a,1,flood_agr,Wp,1,05_00_00_00,5000
256.16,invest_f_a,1,flood_agr,Wp,2,05_00_00_00,5000
3.0,pathways_list_f_a,1,flood_agr,Wp,2,05_00_00_00,5000
254.0,invest_f_a,1,flood_agr,Wp,3,05_00_00_00,5000
2.0,pathways_list_f_a,1,flood_agr,Wp,3,05_00_00_00,5000
254.0,invest_f_a,1,flood_agr,Wp,4,05_00_00_00,5000
2.0,pathways_list_f_a,1,flood_agr,Wp,4,05_00_00_00,5000
255.37,invest_f_a,1,flood_agr,Wp,5,05_00_00_00,5000
3.0,pathways_list_f_a,1,flood_agr,Wp,5,05_00_00_00,5000
254.63,invest_f_a,1,flood_agr,Wp,6,05_00_00_00,5000
3.0,pathways_list_f_a,1,flood_agr,Wp,6,05_00_00_00,5000
254.0,invest_f_a,1,flood_agr,Wp,7,05_00_00_00,5000
2.0,pathways_list_f_a,1,flood_agr,Wp,7,05_00_00_00,5000
254.84,invest_f_a,1,flood_agr,Wp,8,05_00_00_00,5000
3.0,pathways_list_f_a,1,flood_agr,Wp,8,05_00_00_00,5000
254.0,invest_f_a,1,flood_agr,Wp,9,05_00_00_00,5000
2.0,pathways_list_f_a,1,flood_agr,Wp,9,05_00_00_00,5000
254.84,invest_f_a,1,flood_agr,Wp,10,05_00_00_00,5000
3.0,pathways_list_f_a,1,flood_agr,Wp,10,05_00_00_00,5000
970.0,revenue_agr,1,flood_agr,Wp,1,05_00_00_00,5000
963.32,revenue_agr,1,flood_agr,Wp,2,05_00_00_00,5000
967.89,revenue_agr,1,flood_agr,Wp,3,05_00_00_00,5000
966.93,revenue_agr,1,flood_agr,Wp,4,05_00_00_00,5000
966.41,revenue_agr,1,flood_agr,Wp,5,05_00_00_00,5000
965.46,revenue_agr,1,flood_agr,Wp,6,05_00_00_00,5000
970.0,revenue_agr,1,flood_agr,Wp,7,05_00_00_00,5000
960.56,revenue_agr,1,flood_agr,Wp,8,05_00_00_00,5000
970.0,revenue_agr,1,flood_agr,Wp,9,05_00_00_00,5000
970.0,revenue_agr,1,flood_agr,Wp,10,05_00_00_00,5000
152.45,f_a_decision_value,1,flood_agr,D,1,06_00_00_00,5000
192.17,f_a_decision_value,1,flood_agr,D,2,06_00_00_00,5000
66.35,f_a_decision_value,1,flood_agr,D,3,06_00_00_00,5000
149.09,f_a_decision_value,1,flood_agr,D,4,06_00_00_00,5000
66.8,f_a_decision_value,1,flood_agr,D,5,06_00_00_00,5000
116.75,f_a_decision_value,1,flood_agr,D,6,06_00_00_00,5000
70.1,f_a_decision_value,1,flood_agr,D,7,06_00_00_00,5000
163.76,f_a_decision_value,1,flood_agr,D,8,06_00_00_00,5000
80.21,f_a_decision_value,1,flood_agr,D,9,06_00_00_00,5000
98.86,f_a_decision_value,1,flood_agr,D,10,06_00_00_00,5000
148.95,DamAgr_f_tot,1,flood_agr,D,1,06_00_00_00,5000
188.73,DamAgr_f_tot,1,flood_agr,D,2,06_00_00_00,5000
62.8,DamAgr_f_tot,1,flood_agr,D,3,06_00_00_00,5000
145.63,DamAgr_f_tot,1,flood_agr,D,4,06_00_00_00,5000
63.42,DamAgr_f_tot,1,flood_agr,D,5,06_00_00_00,5000
113.29,DamAgr_f_tot,1,flood_agr,D,6,06_00_00_00,5000
66.58,DamAgr_f_tot,1,flood_agr,D,7,06_00_00_00,5000
160.37,DamAgr_f_tot,1,flood_agr,D,8,06_00_00_00,5000
76.77,DamAgr_f_tot,1,flood_agr,D,9,06_00_00_00,5000
95.29,DamAgr_f_tot,1,flood_agr,D,10,06_00_00_00,5000
114.75,invest_f_a,1,flood_agr,D,1,06_00_00_00,5000
2.0,pathways_list_f_a,1,flood_agr,D,1,06_00_00_00,5000
114.16,invest_f_a,1,flood_agr,D,2,06_00_00_00,5000
2.0,pathways_list_f_a,1,flood_agr,D,2,06_00_00_00,5000
112.0,invest_f_a,1,flood_agr,D,3,06_00_00_00,5000
1.0,pathways_list_f_a,1,flood_agr,D,3,06_00_00_00,5000
115.64,invest_f_a,1,flood_agr,D,4,06_00_00_00,5000
2.0,pathways_list_f_a,1,flood_agr,D,4,06_00_00_00,5000
113.37,invest_f_a,1,flood_agr,D,5,06_00_00_00,5000
2.0,pathways_list_f_a,1,flood_agr,D,5,06_00_00_00,5000
112.0,invest_f_a,1,flood_agr,D,6,06_00_00_00,5000
1.0,pathways_list_f_a,1,flood_agr,D,6,06_00_00_00,5000
112.0,invest_f_a,1,flood_agr,D,7,06_00_00_00,5000
1.0,pathways_list_f_a,1,flood_agr,D,7,06_00_00_00,5000
114.27,invest_f_a,1,flood_agr,D,8,06_00_00_00,5000
2.0,pathways_list_f_a,1,flood_agr,D,8,06_00_00_00,5000
114.8,invest_f_a,1,flood_agr,D,9,06_00_00_00,5000
2.0,pathways_list_f_a,1,flood_agr,D,9,06_00_00_00,5000
112.0,invest_f_a,1,flood_agr,D,10,06_00_00_00,5000
1.0,pathways_list_f_a,1,flood_agr,D,10,06_00_00_00,5000
970.0,revenue_agr,1,flood_agr,D,1,06_00_00_00,5000
966.75,revenue_agr,1,flood_agr,D,2,06_00_00_00,5000
970.0,revenue_agr,1,flood_agr,D,3,06_00_00_00,5000
964.13,revenue_agr,1,flood_agr,D,4,06_00_00_00,5000
966.82,revenue_agr,1,flood_agr,D,5,06_00_00_00,5000
967.47,revenue_agr,1,flood_agr,D,6,06_00_00_00,5000
970.0,revenue_agr,1,flood_agr,D,7,06_00_00_00,5000
962.44,revenue_agr,1,flood_agr,D,8,06_00_00_00,5000
970.0,revenue_agr,1,flood_agr,D,9,06_00_00_00,5000
970.0,revenue_agr,1,flood_agr,D,10,06_00_00_00,5000
186.8,f_a_decision_value,1,flood_agr,G,1,06_00_00_00,5000
175.76,f_a_decision_value,1,flood_agr,G,2,06_00_00_00,5000
142.32,f_a_decision_value,1,flood_agr,G,3,06_00_00_00,5000
121.76,f_a_decision_value,1,flood_agr,G,4,06_00_00_00,5000
134.14,f_a_decision_value,1,flood_agr,G,5,06_00_00_00,5000
220.37,f_a_decision_value,1,flood_agr,G,6,06_00_00_00,5000
80.45,f_a_decision_value,1,flood_agr,G,7,06_00_00_00,5000
196.59,f_a_decision_value,1,flood_agr,G,8,06_00_00_00,5000
126.8,f_a_decision_value,1,flood_agr,G,9,06_00_00_00,5000
242.84,f_a_decision_value,1,flood_agr,G,10,06_00_00_00,5000
208.72,DamAgr_f_tot,1,flood_agr,G,1,06_00_00_00,5000
185.53,DamAgr_f_tot,1,flood_agr,G,2,06_00_00_00,5000
167.19,DamAgr_f_tot,1,flood_agr,G,3,06_00_00_00,5000
118.29,DamAgr_f_tot,1,flood_agr,G,4,06_00_00_00,5000
130.64,DamAgr_f_tot,1,flood_agr,G,5,06_00_00_00,5000
229.34,DamAgr_f_tot,1,flood_agr,G,6,06_00_00_00,5000
77.01,DamAgr_f_tot,1,flood_agr,G,7,06_00_00_00,5000
193.16,DamAgr_f_tot,1,flood_agr,G,8,06_00_00_00,5000
123.33,DamAgr_f_tot,1,flood_agr,G,9,06_00_00_00,5000
249.05,DamAgr_f_tot,1,flood_agr,G,10,06_00_00_00,5000
114.75,invest_f_a,1,flood_agr,G,1,06_00_00_00,5000
2.0,pathways_list_f_a,1,flood_agr,G,1,06_00_00_00,5000
115.77,invest_f_a,1,flood_agr,G,2,06_00_00_00,5000
3.0,pathways_list_f_a,1,flood_agr,G,2,06_00_00_00,5000
113.37,invest_f_a,1,flood_agr,G,3,06_00_00_00,5000
3.0,pathways_list_f_a,1,flood_agr,G,3,06_00_00_00,5000
115.64,invest_f_a,1,flood_agr,G,4,06_00_00_00,5000
2.0,pathways_list_f_a,1,flood_agr,G,4,06_00_00_00,5000
113.37,invest_f_a,1,flood_agr,G,5,06_00_00_00,5000
2.0,pathways_list_f_a,1,flood_agr,G,5,06_00_00_00,5000
112.63,invest_f_a,1,flood_agr,G,6,06_00_00_00,5000
2.0,pathways_list_f_a,1,flood_agr,G,6,06_00_00_00,5000
112.0,invest_f_a,1,flood_agr,G,7,06_00_00_00,5000
1.0,pathways_list_f_a,1,flood_agr,G,7,06_00_00_00,5000
114.27,invest_f_a,1,flood_agr,G,8,06_00_00_00,5000
2.0,pathways_list_f_a,1,flood_agr,G,8,06_00_00_00,5000
114.8,invest_f_a,1,flood_agr,G,9,06_00_00_00,5000
2.0,pathways_list_f_a,1,flood_agr,G,9,06_00_00_00,5000
112.32,invest_f_a,1,flood_agr,G,10,06_00_00_00,5000
2.0,pathways_list_f_a,1,flood_agr,G,10,06_00_00_00,5000
967.46,revenue_agr,1,flood_agr,G,1,06_00_00_00,5000
921.24,revenue_agr,1,flood_agr,G,2,06_00_00_00,5000
965.96,revenue_agr,1,flood_agr,G,3,06_00_00_00,5000
966.96,revenue_agr,1,flood_agr,G,4,06_00_00_00,5000
966.68,revenue_agr,1,flood_agr,G,5,06_00_00_00,5000
967.43,revenue_agr,1,flood_agr,G,6,06_00_00_00,5000
970.0,revenue_agr,1,flood_agr,G,7,06_00_00_00,5000
960.76,revenue_agr,1,flood_agr,G,8,06_00_00_00,5000
970.0,revenue_agr,1,flood_agr,G,9,06_00_00_00,5000
970.0,revenue_agr,1,flood_agr,G,10,06_00_00_00,5000
213.5,f_a_decision_value,1,flood_agr,Wp,1,06_00_00_00,5000
284.75,f_a_decision_value,1,flood_agr,Wp,2,06_00_00_00,5000
253.83,f_a_decision_value,1,flood_agr,Wp,3,06_00_00_00,5000
139.52,f_a_decision_value,1,flood_agr,Wp,4,06_00_00_00,5000
263.53,f_a_decision_value,1,flood_agr,Wp,5,06_00_00_00,5000
302.78,f_a_decision_value,1,flood_agr,Wp,6,06_00_00_00,5000
182.64,f_a_decision_value,1,flood_agr,Wp,7,06_00_00_00,5000
271.5,f_a_decision_value,1,flood_agr,Wp,8,06_00_00_00,5000
241.7,f_a_decision_value,1,flood_agr,Wp,9,06_00_00_00,5000
277.32,f_a_decision_value,1,flood_agr,Wp,10,06_00_00_00,5000
236.46,DamAgr_f_tot,1,flood_agr,Wp,1,06_00_00_00,5000
299.48,DamAgr_f_tot,1,flood_agr,Wp,2,06_00_00_00,5000
267.72,DamAgr_f_tot,1,flood_agr,Wp,3,06_00_00_00,5000
136.05,DamAgr_f_tot,1,flood_agr,Wp,4,06_00_00_00,5000
259.96,DamAgr_f_tot,1,flood_agr,Wp,5,06_00_00_00,5000
311.06,DamAgr_f_tot,1,flood_agr,Wp,6,06_00_00_00,5000
215.68,DamAgr_f_tot,1,flood_agr,Wp,7,06_00_00_00,5000
280.78,DamAgr_f_tot,1,flood_agr,Wp,8,06_00_00_00,5000
238.24,DamAgr_f_tot,1,flood_agr,Wp,9,06_00_00_00,5000
285.14,DamAgr_f_tot,1,flood_agr,Wp,10,06_00_00_00,5000
114.75,invest_f_a,1,flood_agr,Wp,1,06_00_00_00,5000
2.0,pathways_list_f_a,1,flood_agr,Wp,1,06_00_00_00,5000
257.77,invest_f_a,1,flood_agr,Wp,2,06_00_00_00,5000
4.0,pathways_list_f_a,1,flood_agr,Wp,2,06_00_00_00,5000
257.24,invest_f_a,1,flood_agr,Wp,3,06_00_00_00,5000
4.0,pathways_list_f_a,1,flood_agr,Wp,3,06_00_00_00,5000
117.71,invest_f_a,1,flood_agr,Wp,4,06_00_00_00,5000
3.0,pathways_list_f_a,1,flood_agr,Wp,4,06_00_00_00,5000
114.52,invest_f_a,1,flood_agr,Wp,5,06_00_00_00,5000
3.0,pathways_list_f_a,1,flood_agr,Wp,5,06_00_00_00,5000
113.45,invest_f_a,1,flood_agr,Wp,6,06_00_00_00,5000
3.0,pathways_list_f_a,1,flood_agr,Wp,6,06_00_00_00,5000
256.48,invest_f_a,1,flood_agr,Wp,7,06_00_00_00,5000
4.0,pathways_list_f_a,1,flood_agr,Wp,7,06_00_00_00,5000
256.64,invest_f_a,1,flood_agr,Wp,8,06_00_00_00,5000
4.0,pathways_list_f_a,1,flood_agr,Wp,8,06_00_00_00,5000
115.61,invest_f_a,1,flood_agr,Wp,9,06_00_00_00,5000
3.0,pathways_list_f_a,1,flood_agr,Wp,9,06_00_00_00,5000
256.01,invest_f_a,1,flood_agr,Wp,10,06_00_00_00,5000
4.0,pathways_list_f_a,1,flood_agr,Wp,10,06_00_00_00,5000
967.35,revenue_agr,1,flood_agr,Wp,1,06_00_00_00,5000
919.55,revenue_agr,1,flood_agr,Wp,2,06_00_00_00,5000
941.88,revenue_agr,1,flood_agr,Wp,3,06_00_00_00,5000
896.23,revenue_agr,1,flood_agr,Wp,4,06_00_00_00,5000
939.27,revenue_agr,1,flood_agr,Wp,5,06_00_00_00,5000
952.33,revenue_agr,1,flood_agr,Wp,6,06_00_00_00,5000
950.04,revenue_agr,1,flood_agr,Wp,7,06_00_00_00,5000
943.39,revenue_agr,1,flood_agr,Wp,8,06_00_00_00,5000
930.61,revenue_agr,1,flood_agr,Wp,9,06_00_00_00,5000
952.83,revenue_agr,1,flood_agr,Wp,10,06_00_00_00,5000
144.05,f_a_decision_value,1,flood_agr,D,1,07_00_00_00,5000
192.17,f_a_decision_value,1,flood_agr,D,2,07_00_00_00,5000
57.8,f_a_decision_value,1,flood_agr,D,3,07_00_00_00,5000
91.91,f_a_decision_value,1,flood_agr,D,4,07_00_00_00,5000
35.0,f_a_decision_value,1,flood_agr,D,5,07_00_00_00,5000
116.75,f_a_decision_value,1,flood_agr,D,6,07_00_00_00,5000
70.1,f_a_decision_value,1,flood_agr,D,7,07_00_00_00,5000
163.76,f_a_decision_value,1,flood_agr,D,8,07_00_00_00,5000
38.45,f_a_decision_value,1,flood_agr,D,9,07_00_00_00,5000
98.86,f_a_decision_value,1,flood_agr,D,10,07_00_00_00,5000
140.61,DamAgr_f_tot,1,flood_agr,D,1,07_00_00_00,5000
188.73,DamAgr_f_tot,1,flood_agr,D,2,07_00_00_00,5000
54.23,DamAgr_f_tot,1,flood_agr,D,3,07_00_00_00,5000
88.41,DamAgr_f_tot,1,flood_agr,D,4,07_00_00_00,5000
31.57,DamAgr_f_tot,1,flood_agr,D,5,07_00_00_00,5000
113.29,DamAgr_f_tot,1,flood_agr,D,6,07_00_00_00,5000
66.58,DamAgr_f_tot,1,flood_agr,D,7,07_00_00_00,5000
160.37,DamAgr_f_tot,1,flood_agr,D,8,07_00_00_00,5000
34.9,DamAgr_f_tot,1,flood_agr,D,9,07_00_00_00,5000
95.29,DamAgr_f_tot,1,flood_agr,D,10,07_00_00_00,5000
144.75,invest_f_a,1,flood_agr,D,1,07_00_00_00,5000
2.0,pathways_list_f_a,1,flood_agr,D,1,07_00_00_00,5000
144.16,invest_f_a,1,flood_agr,D,2,07_00_00_00,5000
2.0,pathways_list_f_a,1,flood_agr,D,2,07_00_00_00,5000
142.0,invest_f_a,1,flood_agr,D,3,07_00_00_00,5000
1.0,pathways_list_f_a,1,flood_agr,D,3,07_00_00_00,5000
142.0,invest_f_a,1,flood_agr,D,4,07_00_00_00,5000
1.0,pathways_list_f_a,1,flood_agr,D,4,07_00_00_00,5000
142.0,invest_f_a,1,flood_agr,D,5,07_00_00_00,5000
1.0,pathways_list_f_a,1,flood_agr,D,5,07_00_00_00,5000
142.0,invest_f_a,1,flood_agr,D,6,07_00_00_00,5000
1.0,pathways_list_f_a,1,flood_agr,D,6,07_00_00_00,5000
142.0,invest_f_a,1,flood_agr,D,7,07_00_00_00,5000
1.0,pathways_list_f_a,1,flood_agr,D,7,07_00_00_00,5000
144.27,invest_f_a,1,flood_agr,D,8,07_00_00_00,5000
2.0,pathways_list_f_a,1,flood_agr,D,8,07_00_00_00,5000
142.0,invest_f_a,1,flood_agr,D,9,07_00_00_00,5000
1.0,pathways_list_f_a,1,flood_agr,D,9,07_00_00_00,5000
142.0,invest_f_a,1,flood_agr,D,10,07_00_00_00,5000
1.0,pathways_list_f_a,1,flood_agr,D,10,07_00_00_00,5000
970.0,revenue_agr,1,flood_agr,D,1,07_00_00_00,5000
966.75,revenue_agr,1,flood_agr,D,2,07_00_00_00,5000
970.0,revenue_agr,1,flood_agr,D,3,07_00_00_00,5000
964.13,revenue_agr,1,flood_agr,D,4,07_00_00_00,5000
970.0,revenue_agr,1,flood_agr,D,5,07_00_00_00,5000
967.47,revenue_agr,1,flood_agr,D,6,07_00_00_00,5000
970.0,revenue_agr,1,flood_agr,D,7,07_00_00_00,5000
962.44,revenue_agr,1,flood_agr,D,8,07_00_00_00,5000
970.0,revenue_agr,1,flood_agr,D,9,07_00_00_00,5000
970.0,revenue_agr,1,flood_agr,D,10,07_00_00_00,5000
177.95,f_a_decision_value,1,flood_agr,G,1,07_00_00_00,5000
143.51,f_a_decision_value,1,flood_agr,G,2,07_00_00_00,5000
65.9,f_a_decision_value,1,flood_agr,G,3,07_00_00_00,5000
33.95,f_a_decision_value,1,flood_agr,G,4,07_00_00_00,5000
60.2,f_a_decision_value,1,flood_agr,G,5,07_00_00_00,5000
165.53,f_a_decision_value,1,flood_agr,G,6,07_00_00_00,5000
71.9,f_a_decision_value,1,flood_agr,G,7,07_00_00_00,5000
182.79,f_a_decision_value,1,flood_agr,G,8,07_00_00_00,5000
59.45,f_a_decision_value,1,flood_agr,G,9,07_00_00_00,5000
223.44,f_a_decision_value,1,flood_agr,G,10,07_00_00_00,5000
174.43,DamAgr_f_tot,1,flood_agr,G,1,07_00_00_00,5000
140.0,DamAgr_f_tot,1,flood_agr,G,2,07_00_00_00,5000
62.46,DamAgr_f_tot,1,flood_agr,G,3,07_00_00_00,5000
30.46,DamAgr_f_tot,1,flood_agr,G,4,07_00_00_00,5000
56.74,DamAgr_f_tot,1,flood_agr,G,5,07_00_00_00,5000
162.05,DamAgr_f_tot,1,flood_agr,G,6,07_00_00_00,5000
68.4,DamAgr_f_tot,1,flood_agr,G,7,07_00_00_00,5000
179.3,DamAgr_f_tot,1,flood_agr,G,8,07_00_00_00,5000
55.92,DamAgr_f_tot,1,flood_agr,G,9,07_00_00_00,5000
220.0,DamAgr_f_tot,1,flood_agr,G,10,07_00_00_00,5000
144.75,invest_f_a,1,flood_agr,G,1,07_00_00_00,5000
2.0,pathways_list_f_a,1,flood_agr,G,1,07_00_00_00,5000
144.16,invest_f_a,1,flood_agr,G,2,07_00_00_00,5000
2.0,pathways_list_f_a,1,flood_agr,G,2,07_00_00_00,5000
142.0,invest_f_a,1,flood_agr,G,3,07_00_00_00,5000
1.0,pathways_list_f_a,1,flood_agr,G,3,07_00_00_00,5000
142.0,invest_f_a,1,flood_agr,G,4,07_00_00_00,5000
1.0,pathways_list_f_a,1,flood_agr,G,4,07_00_00_00,5000
142.0,invest_f_a,1,flood_agr,G,5,07_00_00_00,5000
1.0,pathways_list_f_a,1,flood_agr,G,5,07_00_00_00,5000
142.0,invest_f_a,1,flood_agr,G,6,07_00_00_00,5000
1.0,pathways_list_f_a,1,flood_agr,G,6,07_00_00_00,5000
142.0,invest_f_a,1,flood_agr,G,7,07_00_00_00,5000
1.0,pathways_list_f_a,1,flood_agr,G,7,07_00_00_00,5000
144.27,invest_f_a,1,flood_agr,G,8,07_00_00_00,5000
2.0,pathways_list_f_a,1,flood_agr,G,8,07_00_00_00,5000
142.0,invest_f_a,1,flood_agr,G,9,07_00_00_00,5000
1.0,pathways_list_f_a,1,flood_agr,G,9,07_00_00_00,5000
142.0,invest_f_a,1,flood_agr,G,10,07_00_00_00,5000
1.0,pathways_list_f_a,1,flood_agr,G,10,07_00_00_00,5000
970.0,revenue_agr,1,flood_agr,G,1,07_00_00_00,5000
966.62,revenue_agr,1,flood_agr,G,2,07_00_00_00,5000
970.0,revenue_agr,1,flood_agr,G,3,07_00_00_00,5000
966.96,revenue_agr,1,flood_agr,G,4,07_00_00_00,5000
967.45,revenue_agr,1,flood_agr,G,5,07_00_00_00,5000
967.43,revenue_agr,1,flood_agr,G,6,07_00_00_00,5000
970.0,revenue_agr,1,flood_agr,G,7,07_00_00_00,5000
960.76,revenue_agr,1,flood_agr,G,8,07_00_00_00,5000
970.0,revenue_agr,1,flood_agr,G,9,07_00_00_00,5000
970.0,revenue_agr,1,flood_agr,G,10,07_00_00_00,5000
189.65,f_a_decision_value,1,flood_agr,Wp,1,07_00_00_00,5000
196.22,f_a_decision_value,1,flood_agr,Wp,2,07_00_00_00,5000
154.63,f_a_decision_value,1,flood_agr,Wp,3,07_00_00_00,5000
67.37,f_a_decision_value,1,flood_agr,Wp,4,07_00_00_00,5000
170.39,f_a_decision_value,1,flood_agr,Wp,5,07_00_00_00,5000
190.85,f_a_decision_value,1,flood_agr,Wp,6,07_00_00_00,5000
95.11,f_a_decision_value,1,flood_agr,Wp,7,07_00_00_00,5000
259.2,f_a_decision_value,1,flood_agr,Wp,8,07_00_00_00,5000
88.25,f_a_decision_value,1,flood_agr,Wp,9,07_00_00_00,5000
199.13,f_a_decision_value,1,flood_agr,Wp,10,07_00_00_00,5000
186.14,DamAgr_f_tot,1,flood_agr,Wp,1,07_00_00_00,5000
212.54,DamAgr_f_tot,1,flood_agr,Wp,2,07_00_00_00,5000
181.56,DamAgr_f_tot,1,flood_agr,Wp,3,07_00_00_00,5000
63.84,DamAgr_f_tot,1,flood_agr,Wp,4,07_00_00_00,5000
166.95,DamAgr_f_tot,1,flood_agr,Wp,5,07_00_00_00,5000
187.31,DamAgr_f_tot,1,flood_agr,Wp,6,07_00_00_00,5000
148.27,DamAgr_f_tot,1,flood_agr,Wp,7,07_00_00_00,5000
269.57,DamAgr_f_tot,1,flood_agr,Wp,8,07_00_00_00,5000
84.78,DamAgr_f_tot,1,flood_agr,Wp,9,07_00_00_00,5000
206.09,DamAgr_f_tot,1,flood_agr,Wp,10,07_00_00_00,5000
144.75,invest_f_a,1,flood_agr,Wp,1,07_00_00_00,5000
2.0,pathways_list_f_a,1,flood_agr,Wp,1,07_00_00_00,5000
256.16,invest_f_a,1,flood_agr,Wp,2,07_00_00_00,5000
3.0,pathways_list_f_a,1,flood_agr,Wp,2,07_00_00_00,5000
255.32,invest_f_a,1,flood_agr,Wp,3,07_00_00_00,5000
3.0,pathways_list_f_a,1,flood_agr,Wp,3,07_00_00_00,5000
145.64,invest_f_a,1,flood_agr,Wp,4,07_00_00_00,5000
2.0,pathways_list_f_a,1,flood_agr,Wp,4,07_00_00_00,5000
143.37,invest_f_a,1,flood_agr,Wp,5,07_00_00_00,5000
2.0,pathways_list_f_a,1,flood_agr,Wp,5,07_00_00_00,5000
255.0,invest_f_a,1,flood_agr,Wp,6,07_00_00_00,5000
3.0,pathways_list_f_a,1,flood_agr,Wp,6,07_00_00_00,5000
142.0,invest_f_a,1,flood_agr,Wp,7,07_00_00_00,5000
1.0,pathways_list_f_a,1,flood_agr,Wp,7,07_00_00_00,5000
256.27,invest_f_a,1,flood_agr,Wp,8,07_00_00_00,5000
3.0,pathways_list_f_a,1,flood_agr,Wp,8,07_00_00_00,5000
144.8,invest_f_a,1,flood_agr,Wp,9,07_00_00_00,5000
2.0,pathways_list_f_a,1,flood_agr,Wp,9,07_00_00_00,5000
142.84,invest_f_a,1,flood_agr,Wp,10,07_00_00_00,5000
2.0,pathways_list_f_a,1,flood_agr,Wp,10,07_00_00_00,5000
970.0,revenue_agr,1,flood_agr,Wp,1,07_00_00_00,5000
964.5,revenue_agr,1,flood_agr,Wp,2,07_00_00_00,5000
966.74,revenue_agr,1,flood_agr,Wp,3,07_00_00_00,5000
966.93,revenue_agr,1,flood_agr,Wp,4,07_00_00_00,5000
966.47,revenue_agr,1,flood_agr,Wp,5,07_00_00_00,5000
967.4,revenue_agr,1,flood_agr,Wp,6,07_00_00_00,5000
970.0,revenue_agr,1,flood_agr,Wp,7,07_00_00_00,5000
960.56,revenue_agr,1,flood_agr,Wp,8,07_00_00_00,5000
970.0,revenue_agr,1,flood_agr,Wp,9,07_00_00_00,5000
970.0,revenue_agr,1,flood_agr,Wp,10,07_00_00_00,5000
144.05,f_a_decision_value,1,flood_agr,D,1,08_00_00_00,5000
192.17,f_a_decision_value,1,flood_agr,D,2,08_00_00_00,5000
57.8,f_a_decision_value,1,flood_agr,D,3,08_00_00_00,5000
91.91,f_a_decision_value,1,flood_agr,D,4,08_00_00_00,5000
35.0,f_a_decision_value,1,flood_agr,D,5,08_00_00_00,5000
116.75,f_a_decision_value,1,flood_agr,D,6,08_00_00_00,5000
70.1,f_a_decision_value,1,flood_agr,D,7,08_00_00_00,5000
161.81,f_a_decision_value,1,flood_agr,D,8,08_00_00_00,5000
38.45,f_a_decision_value,1,flood_agr,D,9,08_00_00_00,5000
98.86,f_a_decision_value,1,flood_agr,D,10,08_00_00_00,5000
140.61,DamAgr_f_tot,1,flood_agr,D,1,08_00_00_00,5000
188.73,DamAgr_f_tot,1,flood_agr,D,2,08_00_00_00,5000
54.23,DamAgr_f_tot,1,flood_agr,D,3,08_00_00_00,5000
88.41,DamAgr_f_tot,1,flood_agr,D,4,08_00_00_00,5000
31.57,DamAgr_f_tot,1,flood_agr,D,5,08_00_00_00,5000
113.29,DamAgr_f_tot,1,flood_agr,D,6,08_00_00_00,5000
66.58,DamAgr_f_tot,1,flood_agr,D,7,08_00_00_00,5000
158.48,DamAgr_f_tot,1,flood_agr,D,8,08_00_00_00,5000
34.9,DamAgr_f_tot,1,flood_agr,D,9,08_00_00_00,5000
95.29,DamAgr_f_tot,1,flood_agr,D,10,08_00_00_00,5000
143.09,invest_f_a,1,flood_agr,D,1,08_00_00_00,5000
2.0,pathways_list_f_a,1,flood_agr,D,1,08_00_00_00,5000
142.87,invest_f_a,1,flood_agr,D,2,08_00_00_00,5000
2.0,pathways_list_f_a,1,flood_agr,D,2,08_00_00_00,5000
142.0,invest_f_a,1,flood_agr,D,3,08_00_00_00,5000
1.0,pathways_list_f_a,1,flood_agr,D,3,08_00_00_00,5000
142.0,invest_f_a,1,flood_agr,D,4,08_00_00_00,5000
1.0,pathways_list_f_a,1,flood_agr,D,4,08_00_00_00,5000
142.0,invest_f_a,1,flood_agr,D,5,08_00_00_00,5000
1.0,pathways_list_f_a,1,flood_agr,D,5,08_00_00_00,5000
142.0,invest_f_a,1,flood_agr,D,6,08_00_00_00,5000
1.0,pathways_list_f_a,1,flood_agr,D,6,08_00_00_00,5000
142.0,invest_f_a,1,flood_agr,D,7,08_00_00_00,5000
1.0,pathways_list_f_a,1,flood_agr,D,7,08_00_00_00,5000
142.91,invest_f_a,1,flood_agr,D,8,08_00_00_00,5000
2.0,pathways_list_f_a,1,flood_agr,D,8,08_00_00_00,5000
142.0,invest_f_a,1,flood_agr,D,9,08_00_00_00,5000
1.0,pathways_list_f_a,1,flood_agr,D,9,08_00_00_00,5000
142.0,invest_f_a,1,flood_agr,D,10,08_00_00_00,5000
1.0,pathways_list_f_a,1,flood_agr,D,10,08_00_00_00,5000
916.47,revenue_agr,1,flood_agr,D,1,08_00_00_00,5000
924.33,revenue_agr,1,flood_agr,D,2,08_00_00_00,5000
970.0,revenue_agr,1,flood_agr,D,3,08_00_00_00,5000
964.13,revenue_agr,1,flood_agr,D,4,08_00_00_00,5000
970.0,revenue_agr,1,flood_agr,D,5,08_00_00_00,5000
967.47,revenue_agr,1,flood_agr,D,6,08_00_00_00,5000
970.0,revenue_agr,1,flood_agr,D,7,08_00_00_00,5000
918.0,revenue_agr,1,flood_agr,D,8,08_00_00_00,5000
970.0,revenue_agr,1,flood_agr,D,9,08_00_00_00,5000
970.0,revenue_agr,1,flood_agr,D,10,08_00_00_00,5000
177.95,f_a_decision_value,1,flood_agr,G,1,08_00_00_00,5000
143.51,f_a_decision_value,1,flood_agr,G,2,08_00_00_00,5000
65.9,f_a_decision_value,1,flood_agr,G,3,08_00_00_00,5000
33.95,f_a_decision_value,1,flood_agr,G,4,08_00_00_00,5000
60.2,f_a_decision_value,1,flood_agr,G,5,08_00_00_00,5000
165.53,f_a_decision_value,1,flood_agr,G,6,08_00_00_00,5000
71.9,f_a_decision_value,1,flood_agr,G,7,08_00_00_00,5000
180.84,f_a_decision_value,1,flood_agr,G,8,08_00_00_00,5000
59.45,f_a_decision_value,1,flood_agr,G,9,08_00_00_00,5000
223.44,f_a_decision_value,1,flood_agr,G,10,08_00_00_00,5000
174.43,DamAgr_f_tot,1,flood_agr,G,1,08_00_00_00,5000
140.0,DamAgr_f_tot,1,flood_agr,G,2,08_00_00_00,5000
62.46,DamAgr_f_tot,1,flood_agr,G,3,08_00_00_00,5000
30.46,DamAgr_f_tot,1,flood_agr,G,4,08_00_00_00,5000
56.74,DamAgr_f_tot,1,flood_agr,G,5,08_00_00_00,5000
162.05,DamAgr_f_tot,1,flood_agr,G,6,08_00_00_00,5000
68.4,DamAgr_f_tot,1,flood_agr,G,7,08_00_00_00,5000
177.35,DamAgr_f_tot,1,flood_agr,G,8,08_00_00_00,5000
55.92,DamAgr_f_tot,1,flood_agr,G,9,08_00_00_00,5000
220.0,DamAgr_f_tot,1,flood_agr,G,10,08_00_00_00,5000
143.09,invest_f_a,1,flood_agr,G,1,08_00_00_00,5000
2.0,pathways_list_f_a,1,flood_agr,G,1,08_00_00_00,5000
142.87,invest_f_a,1,flood_agr,G,2,08_00_00_00,5000
2.0,pathways_list_f_a,1,flood_agr,G,2,08_00_00_00,5000
142.0,invest_f_a,1,flood_agr,G,3,08_00_00_00,5000
1.0,pathways_list_f_a,1,flood_agr,G,3,08_00_00_00,5000
142.0,invest_f_a,1,flood_agr,G,4,08_00_00_00,5000
1.0,pathways_list_f_a,1,flood_agr,G,4,08_00_00_00,5000
142.0,invest_f_a,1,flood_agr,G,5,08_00_00_00,5000
1.0,pathways_list_f_a,1,flood_agr,G,5,08_00_00_00,5000
142.0,invest_f_a,1,flood_agr,G,6,08_00_00_00,5000
1.0,pathways_list_f_a,1,flood_agr,G,6,08_00_00_00,5000
142.0,invest_f_a,1,flood_agr,G,7,08_00_00_00,5000
1.0,pathways_list_f_a,1,flood_agr,G,7,08_00_00_00,5000
142.91,invest_f_a,1,flood_agr,G,8,08_00_00_00,5000
2.0,pathways_list_f_a,1,flood_agr,G,8,08_00_00_00,5000
142.0,invest_f_a,1,flood_agr,G,9,08_00_00_00,5000
1.0,pathways_list_f_a,1,flood_agr,G,9,08_00_00_00,5000
142.0,invest_f_a,1,flood_agr,G,10,08_00_00_00,5000
1.0,pathways_list_f_a,1,flood_agr,G,10,08_00_00_00,5000
916.47,revenue_agr,1,flood_agr,G,1,08_00_00_00,5000
924.2,revenue_agr,1,flood_agr,G,2,08_00_00_00,5000
970.0,revenue_agr,1,flood_agr,G,3,08_00_00_00,5000
966.96,revenue_agr,1,flood_agr,G,4,08_00_00_00,5000
967.45,revenue_agr,1,flood_agr,G,5,08_00_00_00,5000
967.43,revenue_agr,1,flood_agr,G,6,08_00_00_00,5000
970.0,revenue_agr,1,flood_agr,G,7,08_00_00_00,5000
916.32,revenue_agr,1,flood_agr,G,8,08_00_00_00,5000
970.0,revenue_agr,1,flood_agr,G,9,08_00_00_00,5000
970.0,revenue_agr,1,flood_agr,G,10,08_00_00_00,5000
189.65,f_a_decision_value,1,flood_agr,Wp,1,08_00_00_00,5000
195.5,f_a_decision_value,1,flood_agr,Wp,2,08_00_00_00,5000
154.5,f_a_decision_value,1,flood_agr,Wp,3,08_00_00_00,5000
67.37,f_a_decision_value,1,flood_agr,Wp,4,08_00_00_00,5000
170.39,f_a_decision_value,1,flood_agr,Wp,5,08_00_00_00,5000
200.48,f_a_decision_value,1,flood_agr,Wp,6,08_00_00_00,5000
95.11,f_a_decision_value,1,flood_agr,Wp,7,08_00_00_00,5000
254.35,f_a_decision_value,1,flood_agr,Wp,8,08_00_00_00,5000
88.25,f_a_decision_value,1,flood_agr,Wp,9,08_00_00_00,5000
197.81,f_a_decision_value,1,flood_agr,Wp,10,08_00_00_00,5000
186.14,DamAgr_f_tot,1,flood_agr,Wp,1,08_00_00_00,5000
210.7,DamAgr_f_tot,1,flood_agr,Wp,2,08_00_00_00,5000
179.63,DamAgr_f_tot,1,flood_agr,Wp,3,08_00_00_00,5000
63.84,DamAgr_f_tot,1,flood_agr,Wp,4,08_00_00_00,5000
166.95,DamAgr_f_tot,1,flood_agr,Wp,5,08_00_00_00,5000
204.57,DamAgr_f_tot,1,flood_agr,Wp,6,08_00_00_00,5000
148.27,DamAgr_f_tot,1,flood_agr,Wp,7,08_00_00_00,5000
263.96,DamAgr_f_tot,1,flood_agr,Wp,8,08_00_00_00,5000
84.78,DamAgr_f_tot,1,flood_agr,Wp,9,08_00_00_00,5000
204.12,DamAgr_f_tot,1,flood_agr,Wp,10,08_00_00_00,5000
143.09,invest_f_a,1,flood_agr,Wp,1,08_00_00_00,5000
2.0,pathways_list_f_a,1,flood_agr,Wp,1,08_00_00_00,5000
254.87,invest_f_a,1,flood_agr,Wp,2,08_00_00_00,5000
3.0,pathways_list_f_a,1,flood_agr,Wp,2,08_00_00_00,5000
254.55,invest_f_a,1,flood_agr,Wp,3,08_00_00_00,5000
3.0,pathways_list_f_a,1,flood_agr,Wp,3,08_00_00_00,5000
143.43,invest_f_a,1,flood_agr,Wp,4,08_00_00_00,5000
2.0,pathways_list_f_a,1,flood_agr,Wp,4,08_00_00_00,5000
142.57,invest_f_a,1,flood_agr,Wp,5,08_00_00_00,5000
2.0,pathways_list_f_a,1,flood_agr,Wp,5,08_00_00_00,5000
254.43,invest_f_a,1,flood_agr,Wp,6,08_00_00_00,5000
3.0,pathways_list_f_a,1,flood_agr,Wp,6,08_00_00_00,5000
142.0,invest_f_a,1,flood_agr,Wp,7,08_00_00_00,5000
1.0,pathways_list_f_a,1,flood_agr,Wp,7,08_00_00_00,5000
254.91,invest_f_a,1,flood_agr,Wp,8,08_00_00_00,5000
3.0,pathways_list_f_a,1,flood_agr,Wp,8,08_00_00_00,5000
143.11,invest_f_a,1,flood_agr,Wp,9,08_00_00_00,5000
2.0,pathways_list_f_a,1,flood_agr,Wp,9,08_00_00_00,5000
142.37,invest_f_a,1,flood_agr,Wp,10,08_00_00_00,5000
2.0,pathways_list_f_a,1,flood_agr,Wp,10,08_00_00_00,5000
916.47,revenue_agr,1,flood_agr,Wp,1,08_00_00_00,5000
922.08,revenue_agr,1,flood_agr,Wp,2,08_00_00_00,5000
940.67,revenue_agr,1,flood_agr,Wp,3,08_00_00_00,5000
896.23,revenue_agr,1,flood_agr,Wp,4,08_00_00_00,5000
939.2,revenue_agr,1,flood_agr,Wp,5,08_00_00_00,5000
947.2,revenue_agr,1,flood_agr,Wp,6,08_00_00_00,5000
970.0,revenue_agr,1,flood_agr,Wp,7,08_00_00_00,5000
916.12,revenue_agr,1,flood_agr,Wp,8,08_00_00_00,5000
915.46,revenue_agr,1,flood_agr,Wp,9,08_00_00_00,5000
952.83,revenue_agr,1,flood_agr,Wp,10,08_00_00_00,5000
