timing,measure_sequence,no_measure,stage,sector_hazard,sectorname,cc_scenario,climvar,portfolio,realization,f_a,d_a,f_u,d_s
,,1,1.0,flood_agr,f_a,D,1,00_00_00_00,5000,0.0,0.0,0.0,0.0
,,2,1.0,flood_agr,f_a,D,1,00_00_00_00,5000,0.0,0.0,0.0,0.0
,,3,1.0,flood_agr,f_a,D,1,00_00_00_00,5000,0.0,0.0,0.0,0.0
,,4,1.0,flood_agr,f_a,D,1,00_00_00_00,5000,0.0,0.0,0.0,0.0
,,1,1.0,flood_agr,f_a,D,2,00_00_00_00,5000,0.0,0.0,0.0,0.0
,,2,1.0,flood_agr,f_a,D,2,00_00_00_00,5000,0.0,0.0,0.0,0.0
,,3,1.0,flood_agr,f_a,D,2,00_00_00_00,5000,0.0,0.0,0.0,0.0
,,4,1.0,flood_agr,f_a,D,2,00_00_00_00,5000,0.0,0.0,0.0,0.0
,,1,1.0,flood_agr,f_a,D,3,00_00_00_00,5000,0.0,0.0,0.0,0.0
,,2,1.0,flood_agr,f_a,D,3,00_00_00_00,5000,0.0,0.0,0.0,0.0
,,3,1.0,flood_agr,f_a,D,3,00_00_00_00,5000,0.0,0.0,0.0,0.0
,,4,1.0,flood_agr,f_a,D,3,00_00_00_00,5000,0.0,0.0,0.0,0.0
,,1,1.0,flood_agr,f_a,D,4,00_00_00_00,5000,0.0,0.0,0.0,0.0
,,2,1.0,flood_agr,f_a,D,4,00_00_00_00,5000,0.0,0.0,0.0,0.0
,,3,1.0,flood_agr,f_a,D,4,00_00_00_00,5000,0.0,0.0,0.0,0.0
,,4,1.0,flood_agr,f_a,D,4,00_00_00_00,5000,0.0,0.0,0.0,0.0
,,1,1.0,flood_agr,f_a,D,5,00_00_00_00,5000,0.0,0.0,0.0,0.0
,,2,1.0,flood_agr,f_a,D,5,00_00_00_00,5000,0.0,0.0,0.0,0.0
,,3,1.0,flood_agr,f_a,D,5,00_00_00_00,5000,0.0,0.0,0.0,0.0
,,4,1.0,flood_agr,f_a,D,5,00_00_00_00,5000,0.0,0.0,0.0,0.0
,,1,1.0,flood_agr,f_a,D,6,00_00_00_00,5000,0.0,0.0,0.0,0.0
,,2,1.0,flood_agr,f_a,D,6,00_00_00_00,5000,0.0,0.0,0.0,0.0
,,3,1.0,flood_agr,f_a,D,6,00_00_00_00,5000,0.0,0.0,0.0,0.0
,,4,1.0,flood_agr,f_a,D,6,00_00_00_00,5000,0.0,0.0,0.0,0.0
,,1,1.0,flood_agr,f_a,D,7,00_00_00_00,5000,0.0,0.0,0.0,0.0
,,2,1.0,flood_agr,f_a,D,7,00_00_00_00,5000,0.0,0.0,0.0,0.0
,,3,1.0,flood_agr,f_a,D,7,00_00_00_00,5000,0.0,0.0,0.0,0.0
,,4,1.0,flood_agr,f_a,D,7,00_00_00_00,5000,0.0,0.0,0.0,0.0
,,1,1.0,flood_agr,f_a,D,8,00_00_00_00,5000,0.0,0.0,0.0,0.0
,,2,1.0,flood_agr,f_a,D,8,00_00_00_00,5000,0.0,0.0,0.0,0.0
,,3,1.0,flood_agr,f_a,D,8,00_00_00_00,5000,0.0,0.0,0.0,0.0
,,4,1.0,flood_agr,f_a,D,8,00_00_00_00,5000,0.0,0.0,0.0,0.0
,,1,1.0,flood_agr,f_a,D,9,00_00_00_00,5000,0.0,0.0,0.0,0.0
,,2,1.0,flood_agr,f_a,D,9,00_00_00_00,5000,0.0,0.0,0.0,0.0
,,3,1.0,flood_agr,f_a,D,9,00_00_00_00,5000,0.0,0.0,0.0,0.0
,,4,1.0,flood_agr,f_a,D,9,00_00_00_00,5000,0.0,0.0,0.0,0.0
,,1,1.0,flood_agr,f_a,D,10,00_00_00_00,5000,0.0,0.0,0.0,0.0
,,2,1.0,flood_agr,f_a,D,10,00_00_00_00,5000,0.0,0.0,0.0,0.0
,,3,1.0,flood_agr,f_a,D,10,00_00_00_00,5000,0.0,0.0,0.0,0.0
,,4,1.0,flood_agr,f_a,D,10,00_00_00_00,5000,0.0,0.0,0.0,0.0
,,1,1.0,flood_agr,f_a,G,1,00_00_00_00,5000,0.0,0.0,0.0,0.0
,,2,1.0,flood_agr,f_a,G,1,00_00_00_00,5000,0.0,0.0,0.0,0.0
,,3,1.0,flood_agr,f_a,G,1,00_00_00_00,5000,0.0,0.0,0.0,0.0
,,4,1.0,flood_agr,f_a,G,1,00_00_00_00,5000,0.0,0.0,0.0,0.0
,,1,1.0,flood_agr,f_a,G,2,00_00_00_00,5000,0.0,0.0,0.0,0.0
,,2,1.0,flood_agr,f_a,G,2,00_00_00_00,5000,0.0,0.0,0.0,0.0
,,3,1.0,flood_agr,f_a,G,2,00_00_00_00,5000,0.0,0.0,0.0,0.0
,,4,1.0,flood_agr,f_a,G,2,00_00_00_00,5000,0.0,0.0,0.0,0.0
,,1,1.0,flood_agr,f_a,G,3,00_00_00_00,5000,0.0,0.0,0.0,0.0
,,2,1.0,flood_agr,f_a,G,3,00_00_00_00,5000,0.0,0.0,0.0,0.0
,,3,1.0,flood_agr,f_a,G,3,00_00_00_00,5000,0.0,0.0,0.0,0.0
,,4,1.0,flood_agr,f_a,G,3,00_00_00_00,5000,0.0,0.0,0.0,0.0
,,1,1.0,flood_agr,f_a,G,4,00_00_00_00,5000,0.0,0.0,0.0,0.0
,,2,1.0,flood_agr,f_a,G,4,00_00_00_00,5000,0.0,0.0,0.0,0.0
,,3,1.0,flood_agr,f_a,G,4,00_00_00_00,5000,0.0,0.0,0.0,0.0
,,4,1.0,flood_agr,f_a,G,4,00_00_00_00,5000,0.0,0.0,0.0,0.0
,,1,1.0,flood_agr,f_a,G,5,00_00_00_00,5000,0.0,0.0,0.0,0.0
,,2,1.0,flood_agr,f_a,G,5,00_00_00_00,5000,0.0,0.0,0.0,0.0
,,3,1.0,flood_agr,f_a,G,5,00_00_00_00,5000,0.0,0.0,0.0,0.0
,,4,1.0,flood_agr,f_a,G,5,00_00_00_00,5000,0.0,0.0,0.0,0.0
,,1,1.0,flood_agr,f_a,G,6,00_00_00_00,5000,0.0,0.0,0.0,0.0
,,2,1.0,flood_agr,f_a,G,6,00_00_00_00,5000,0.0,0.0,0.0,0.0
,,3,1.0,flood_agr,f_a,G,6,00_00_00_00,5000,0.0,0.0,0.0,0.0
,,4,1.0,flood_agr,f_a,G,6,00_00_00_00,5000,0.0,0.0,0.0,0.0
,,1,1.0,flood_agr,f_a,G,7,00_00_00_00,5000,0.0,0.0,0.0,0.0
,,2,1.0,flood_agr,f_a,G,7,00_00_00_00,5000,0.0,0.0,0.0,0.0
,,3,1.0,flood_agr,f_a,G,7,00_00_00_00,5000,0.0,0.0,0.0,0.0
,,4,1.0,flood_agr,f_a,G,7,00_00_00_00,5000,0.0,0.0,0.0,0.0
,,1,1.0,flood_agr,f_a,G,8,00_00_00_00,5000,0.0,0.0,0.0,0.0
,,2,1.0,flood_agr,f_a,G,8,00_00_00_00,5000,0.0,0.0,0.0,0.0
,,3,1.0,flood_agr,f_a,G,8,00_00_00_00,5000,0.0,0.0,0.0,0.0
,,4,1.0,flood_agr,f_a,G,8,00_00_00_00,5000,0.0,0.0,0.0,0.0
,,1,1.0,flood_agr,f_a,G,9,00_00_00_00,5000,0.0,0.0,0.0,0.0
,,2,1.0,flood_agr,f_a,G,9,00_00_00_00,5000,0.0,0.0,0.0,0.0
,,3,1.0,flood_agr,f_a,G,9,00_00_00_00,5000,0.0,0.0,0.0,0.0
,,4,1.0,flood_agr,f_a,G,9,00_00_00_00,5000,0.0,0.0,0.0,0.0
,,1,1.0,flood_agr,f_a,G,10,00_00_00_00,5000,0.0,0.0,0.0,0.0
,,2,1.0,flood_agr,f_a,G,10,00_00_00_00,5000,0.0,0.0,0.0,0.0
,,3,1.0,flood_agr,f_a,G,10,00_00_00_00,5000,0.0,0.0,0.0,0.0
,,4,1.0,flood_agr,f_a,G,10,00_00_00_00,5000,0.0,0.0,0.0,0.0
,,1,1.0,flood_agr,f_a,Wp,1,00_00_00_00,5000,0.0,0.0,0.0,0.0
,,2,1.0,flood_agr,f_a,Wp,1,00_00_00_00,5000,0.0,0.0,0.0,0.0
,,3,1.0,flood_agr,f_a,Wp,1,00_00_00_00,5000,0.0,0.0,0.0,0.0
,,4,1.0,flood_agr,f_a,Wp,1,00_00_00_00,5000,0.0,0.0,0.0,0.0
,,1,1.0,flood_agr,f_a,Wp,2,00_00_00_00,5000,0.0,0.0,0.0,0.0
,,2,1.0,flood_agr,f_a,Wp,2,00_00_00_00,5000,0.0,0.0,0.0,0.0
,,3,1.0,flood_agr,f_a,Wp,2,00_00_00_00,5000,0.0,0.0,0.0,0.0
,,4,1.0,flood_agr,f_a,Wp,2,00_00_00_00,5000,0.0,0.0,0.0,0.0
,,1,1.0,flood_agr,f_a,Wp,3,00_00_00_00,5000,0.0,0.0,0.0,0.0
,,2,1.0,flood_agr,f_a,Wp,3,00_00_00_00,5000,0.0,0.0,0.0,0.0
,,3,1.0,flood_agr,f_a,Wp,3,00_00_00_00,5000,0.0,0.0,0.0,0.0
,,4,1.0,flood_agr,f_a,Wp,3,00_00_00_00,5000,0.0,0.0,0.0,0.0
,,1,1.0,flood_agr,f_a,Wp,4,00_00_00_00,5000,0.0,0.0,0.0,0.0
,,2,1.0,flood_agr,f_a,Wp,4,00_00_00_00,5000,0.0,0.0,0.0,0.0
,,3,1.0,flood_agr,f_a,Wp,4,00_00_00_00,5000,0.0,0.0,0.0,0.0
,,4,1.0,flood_agr,f_a,Wp,4,00_00_00_00,5000,0.0,0.0,0.0,0.0
,,1,1.0,flood_agr,f_a,Wp,5,00_00_00_00,5000,0.0,0.0,0.0,0.0
,,2,1.0,flood_agr,f_a,Wp,5,00_00_00_00,5000,0.0,0.0,0.0,0.0
,,3,1.0,flood_agr,f_a,Wp,5,00_00_00_00,5000,0.0,0.0,0.0,0.0
,,4,1.0,flood_agr,f_a,Wp,5,00_00_00_00,5000,0.0,0.0,0.0,0.0
,,1,1.0,flood_agr,f_a,Wp,6,00_00_00_00,5000,0.0,0.0,0.0,0.0
,,2,1.0,flood_agr,f_a,Wp,6,00_00_00_00,5000,0.0,0.0,0.0,0.0
,,3,1.0,flood_agr,f_a,Wp,6,00_00_00_00,5000,0.0,0.0,0.0,0.0
,,4,1.0,flood_agr,f_a,Wp,6,00_00_00_00,5000,0.0,0.0,0.0,0.0
,,1,1.0,flood_agr,f_a,Wp,7,00_00_00_00,5000,0.0,0.0,0.0,0.0
,,2,1.0,flood_agr,f_a,Wp,7,00_00_00_00,5000,0.0,0.0,0.0,0.0
,,3,1.0,flood_agr,f_a,Wp,7,00_00_00_00,5000,0.0,0.0,0.0,0.0
,,4,1.0,flood_agr,f_a,Wp,7,00_00_00_00,5000,0.0,0.0,0.0,0.0
,,1,1.0,flood_agr,f_a,Wp,8,00_00_00_00,5000,0.0,0.0,0.0,0.0
,,2,1.0,flood_agr,f_a,Wp,8,00_00_00_00,5000,0.0,0.0,0.0,0.0
,,3,1.0,flood_agr,f_a,Wp,8,00_00_00_00,5000,0.0,0.0,0.0,0.0
,,4,1.0,flood_agr,f_a,Wp,8,00_00_00_00,5000,0.0,0.0,0.0,0.0
,,1,1.0,flood_agr,f_a,Wp,9,00_00_00_00,5000,0.0,0.0,0.0,0.0
,,2,1.0,flood_agr,f_a,Wp,9,00_00_00_00,5000,0.0,0.0,0.0,0.0
,,3,1.0,flood_agr,f_a,Wp,9,00_00_00_00,5000,0.0,0.0,0.0,0.0
,,4,1.0,flood_agr,f_a,Wp,9,00_00_00_00,5000,0.0,0.0,0.0,0.0
,,1,1.0,flood_agr,f_a,Wp,10,00_00_00_00,5000,0.0,0.0,0.0,0.0
,,2,1.0,flood_agr,f_a,Wp,10,00_00_00_00,5000,0.0,0.0,0.0,0.0
,,3,1.0,flood_agr,f_a,Wp,10,00_00_00_00,5000,0.0,0.0,0.0,0.0
,,4,1.0,flood_agr,f_a,Wp,10,00_00_00_00,5000,0.0,0.0,0.0,0.0
38.0,0&10,1,,flood_agr,f_a,D,1,01_00_00_00,5000,1.0,0.0,0.0,0.0
48.0,0&10&11,2,,flood_agr,f_a,D,1,01_00_00_00,5000,1.0,0.0,0.0,0.0
,,3,1.0,flood_agr,f_a,D,1,01_00_00_00,5000,1.0,0.0,0.0,0.0
,,4,1.0,flood_agr,f_a,D,1,01_00_00_00,5000,1.0,0.0,0.0,0.0
14.0,0&10,1,,flood_agr,f_a,D,2,01_00_00_00,5000,1.0,0.0,0.0,0.0
59.0,0&10&11,2,,flood_agr,f_a,D,2,01_00_00_00,5000,1.0,0.0,0.0,0.0
,,3,1.0,flood_agr,f_a,D,2,01_00_00_00,5000,1.0,0.0,0.0,0.0
,,4,1.0,flood_agr,f_a,D,2,01_00_00_00,5000,1.0,0.0,0.0,0.0
23.0,0&10,1,,flood_agr,f_a,D,3,01_00_00_00,5000,1.0,0.0,0.0,0.0
,,2,1.0,flood_agr,f_a,D,3,01_00_00_00,5000,1.0,0.0,0.0,0.0
,,3,1.0,flood_agr,f_a,D,3,01_00_00_00,5000,1.0,0.0,0.0,0.0
,,4,1.0,flood_agr,f_a,D,3,01_00_00_00,5000,1.0,0.0,0.0,0.0
19.0,0&10,1,,flood_agr,f_a,D,4,01_00_00_00,5000,1.0,0.0,0.0,0.0
31.0,0&10&11,2,,flood_agr,f_a,D,4,01_00_00_00,5000,1.0,0.0,0.0,0.0
,,3,1.0,flood_agr,f_a,D,4,01_00_00_00,5000,1.0,0.0,0.0,0.0
,,4,1.0,flood_agr,f_a,D,4,01_00_00_00,5000,1.0,0.0,0.0,0.0
59.0,0&10,1,,flood_agr,f_a,D,5,01_00_00_00,5000,1.0,0.0,0.0,0.0
74.0,0&10&11,2,,flood_agr,f_a,D,5,01_00_00_00,5000,1.0,0.0,0.0,0.0
,,3,1.0,flood_agr,f_a,D,5,01_00_00_00,5000,1.0,0.0,0.0,0.0
,,4,1.0,flood_agr,f_a,D,5,01_00_00_00,5000,1.0,0.0,0.0,0.0
81.0,0&10,1,,flood_agr,f_a,D,6,01_00_00_00,5000,1.0,0.0,0.0,0.0
92.0,0&10&11,2,,flood_agr,f_a,D,6,01_00_00_00,5000,1.0,0.0,0.0,0.0
,,3,1.0,flood_agr,f_a,D,6,01_00_00_00,5000,1.0,0.0,0.0,0.0
,,4,1.0,flood_agr,f_a,D,6,01_00_00_00,5000,1.0,0.0,0.0,0.0
45.0,0&10,1,,flood_agr,f_a,D,7,01_00_00_00,5000,1.0,0.0,0.0,0.0
84.0,0&10&11,2,,flood_agr,f_a,D,7,01_00_00_00,5000,1.0,0.0,0.0,0.0
,,3,1.0,flood_agr,f_a,D,7,01_00_00_00,5000,1.0,0.0,0.0,0.0
,,4,1.0,flood_agr,f_a,D,7,01_00_00_00,5000,1.0,0.0,0.0,0.0
16.0,0&10,1,,flood_agr,f_a,D,8,01_00_00_00,5000,1.0,0.0,0.0,0.0
57.0,0&10&11,2,,flood_agr,f_a,D,8,01_00_00_00,5000,1.0,0.0,0.0,0.0
,,3,1.0,flood_agr,f_a,D,8,01_00_00_00,5000,1.0,0.0,0.0,0.0
,,4,1.0,flood_agr,f_a,D,8,01_00_00_00,5000,1.0,0.0,0.0,0.0
26.0,0&10,1,,flood_agr,f_a,D,9,01_00_00_00,5000,1.0,0.0,0.0,0.0
43.0,0&10&11,2,,flood_agr,f_a,D,9,01_00_00_00,5000,1.0,0.0,0.0,0.0
53.0,0&10&11&13,3,,flood_agr,f_a,D,9,01_00_00_00,5000,1.0,0.0,0.0,0.0
,,4,1.0,flood_agr,f_a,D,9,01_00_00_00,5000,1.0,0.0,0.0,0.0
84.0,0&10,1,,flood_agr,f_a,D,10,01_00_00_00,5000,1.0,0.0,0.0,0.0
,,2,1.0,flood_agr,f_a,D,10,01_00_00_00,5000,1.0,0.0,0.0,0.0
,,3,1.0,flood_agr,f_a,D,10,01_00_00_00,5000,1.0,0.0,0.0,0.0
,,4,1.0,flood_agr,f_a,D,10,01_00_00_00,5000,1.0,0.0,0.0,0.0
38.0,0&10,1,,flood_agr,f_a,G,1,01_00_00_00,5000,1.0,0.0,0.0,0.0
48.0,0&10&11,2,,flood_agr,f_a,G,1,01_00_00_00,5000,1.0,0.0,0.0,0.0
,,3,1.0,flood_agr,f_a,G,1,01_00_00_00,5000,1.0,0.0,0.0,0.0
,,4,1.0,flood_agr,f_a,G,1,01_00_00_00,5000,1.0,0.0,0.0,0.0
11.0,0&10,1,,flood_agr,f_a,G,2,01_00_00_00,5000,1.0,0.0,0.0,0.0
21.0,0&10&11,2,,flood_agr,f_a,G,2,01_00_00_00,5000,1.0,0.0,0.0,0.0
59.0,0&10&11&13,3,,flood_agr,f_a,G,2,01_00_00_00,5000,1.0,0.0,0.0,0.0
69.0,0&10&11&13&14,4,,flood_agr,f_a,G,2,01_00_00_00,5000,1.0,0.0,0.0,0.0
23.0,0&10,1,,flood_agr,f_a,G,3,01_00_00_00,5000,1.0,0.0,0.0,0.0
75.0,0&10&11,2,,flood_agr,f_a,G,3,01_00_00_00,5000,1.0,0.0,0.0,0.0
85.0,0&10&11&13,3,,flood_agr,f_a,G,3,01_00_00_00,5000,1.0,0.0,0.0,0.0
,,4,1.0,flood_agr,f_a,G,3,01_00_00_00,5000,1.0,0.0,0.0,0.0
5.0,0&10,1,,flood_agr,f_a,G,4,01_00_00_00,5000,1.0,0.0,0.0,0.0
19.0,0&10&11,2,,flood_agr,f_a,G,4,01_00_00_00,5000,1.0,0.0,0.0,0.0
,,3,1.0,flood_agr,f_a,G,4,01_00_00_00,5000,1.0,0.0,0.0,0.0
,,4,1.0,flood_agr,f_a,G,4,01_00_00_00,5000,1.0,0.0,0.0,0.0
58.0,0&10,1,,flood_agr,f_a,G,5,01_00_00_00,5000,1.0,0.0,0.0,0.0
68.0,0&10&11,2,,flood_agr,f_a,G,5,01_00_00_00,5000,1.0,0.0,0.0,0.0
,,3,1.0,flood_agr,f_a,G,5,01_00_00_00,5000,1.0,0.0,0.0,0.0
,,4,1.0,flood_agr,f_a,G,5,01_00_00_00,5000,1.0,0.0,0.0,0.0
78.0,0&10,1,,flood_agr,f_a,G,6,01_00_00_00,5000,1.0,0.0,0.0,0.0
88.0,0&10&11,2,,flood_agr,f_a,G,6,01_00_00_00,5000,1.0,0.0,0.0,0.0
,,3,1.0,flood_agr,f_a,G,6,01_00_00_00,5000,1.0,0.0,0.0,0.0
,,4,1.0,flood_agr,f_a,G,6,01_00_00_00,5000,1.0,0.0,0.0,0.0
45.0,0&10,1,,flood_agr,f_a,G,7,01_00_00_00,5000,1.0,0.0,0.0,0.0
84.0,0&10&11,2,,flood_agr,f_a,G,7,01_00_00_00,5000,1.0,0.0,0.0,0.0
,,3,1.0,flood_agr,f_a,G,7,01_00_00_00,5000,1.0,0.0,0.0,0.0
,,4,1.0,flood_agr,f_a,G,7,01_00_00_00,5000,1.0,0.0,0.0,0.0
16.0,0&10,1,,flood_agr,f_a,G,8,01_00_00_00,5000,1.0,0.0,0.0,0.0
26.0,0&10&11,2,,flood_agr,f_a,G,8,01_00_00_00,5000,1.0,0.0,0.0,0.0
57.0,0&10&11&13,3,,flood_agr,f_a,G,8,01_00_00_00,5000,1.0,0.0,0.0,0.0
,,4,1.0,flood_agr,f_a,G,8,01_00_00_00,5000,1.0,0.0,0.0,0.0
26.0,0&10,1,,flood_agr,f_a,G,9,01_00_00_00,5000,1.0,0.0,0.0,0.0
43.0,0&10&11,2,,flood_agr,f_a,G,9,01_00_00_00,5000,1.0,0.0,0.0,0.0
53.0,0&10&11&13,3,,flood_agr,f_a,G,9,01_00_00_00,5000,1.0,0.0,0.0,0.0
,,4,1.0,flood_agr,f_a,G,9,01_00_00_00,5000,1.0,0.0,0.0,0.0
84.0,0&10,1,,flood_agr,f_a,G,10,01_00_00_00,5000,1.0,0.0,0.0,0.0
94.0,0&10&11,2,,flood_agr,f_a,G,10,01_00_00_00,5000,1.0,0.0,0.0,0.0
,,3,1.0,flood_agr,f_a,G,10,01_00_00_00,5000,1.0,0.0,0.0,0.0
,,4,1.0,flood_agr,f_a,G,10,01_00_00_00,5000,1.0,0.0,0.0,0.0
38.0,0&10,1,,flood_agr,f_a,Wp,1,01_00_00_00,5000,1.0,0.0,0.0,0.0
48.0,0&10&11,2,,flood_agr,f_a,Wp,1,01_00_00_00,5000,1.0,0.0,0.0,0.0
58.0,0&10&11&13,3,,flood_agr,f_a,Wp,1,01_00_00_00,5000,1.0,0.0,0.0,0.0
,,4,1.0,flood_agr,f_a,Wp,1,01_00_00_00,5000,1.0,0.0,0.0,0.0
11.0,0&10,1,,flood_agr,f_a,Wp,2,01_00_00_00,5000,1.0,0.0,0.0,0.0
21.0,0&10&11,2,,flood_agr,f_a,Wp,2,01_00_00_00,5000,1.0,0.0,0.0,0.0
40.0,0&10&11&13,3,,flood_agr,f_a,Wp,2,01_00_00_00,5000,1.0,0.0,0.0,0.0
59.0,0&10&11&13&14,4,,flood_agr,f_a,Wp,2,01_00_00_00,5000,1.0,0.0,0.0,0.0
23.0,0&10,1,,flood_agr,f_a,Wp,3,01_00_00_00,5000,1.0,0.0,0.0,0.0
49.0,0&10&11,2,,flood_agr,f_a,Wp,3,01_00_00_00,5000,1.0,0.0,0.0,0.0
61.0,0&10&11&13,3,,flood_agr,f_a,Wp,3,01_00_00_00,5000,1.0,0.0,0.0,0.0
75.0,0&10&11&13&14,4,,flood_agr,f_a,Wp,3,01_00_00_00,5000,1.0,0.0,0.0,0.0
5.0,0&10,1,,flood_agr,f_a,Wp,4,01_00_00_00,5000,1.0,0.0,0.0,0.0
19.0,0&10&11,2,,flood_agr,f_a,Wp,4,01_00_00_00,5000,1.0,0.0,0.0,0.0
31.0,0&10&11&13,3,,flood_agr,f_a,Wp,4,01_00_00_00,5000,1.0,0.0,0.0,0.0
,,4,1.0,flood_agr,f_a,Wp,4,01_00_00_00,5000,1.0,0.0,0.0,0.0
53.0,0&10,1,,flood_agr,f_a,Wp,5,01_00_00_00,5000,1.0,0.0,0.0,0.0
63.0,0&10&11,2,,flood_agr,f_a,Wp,5,01_00_00_00,5000,1.0,0.0,0.0,0.0
73.0,0&10&11&13,3,,flood_agr,f_a,Wp,5,01_00_00_00,5000,1.0,0.0,0.0,0.0
,,4,1.0,flood_agr,f_a,Wp,5,01_00_00_00,5000,1.0,0.0,0.0,0.0
32.0,0&10,1,,flood_agr,f_a,Wp,6,01_00_00_00,5000,1.0,0.0,0.0,0.0
77.0,0&10&11,2,,flood_agr,f_a,Wp,6,01_00_00_00,5000,1.0,0.0,0.0,0.0
87.0,0&10&11&13,3,,flood_agr,f_a,Wp,6,01_00_00_00,5000,1.0,0.0,0.0,0.0
97.0,0&10&11&13&14,4,,flood_agr,f_a,Wp,6,01_00_00_00,5000,1.0,0.0,0.0,0.0
45.0,0&10,1,,flood_agr,f_a,Wp,7,01_00_00_00,5000,1.0,0.0,0.0,0.0
60.0,0&10&11,2,,flood_agr,f_a,Wp,7,01_00_00_00,5000,1.0,0.0,0.0,0.0
73.0,0&10&11&13,3,,flood_agr,f_a,Wp,7,01_00_00_00,5000,1.0,0.0,0.0,0.0
84.0,0&10&11&13&14,4,,flood_agr,f_a,Wp,7,01_00_00_00,5000,1.0,0.0,0.0,0.0
16.0,0&10,1,,flood_agr,f_a,Wp,8,01_00_00_00,5000,1.0,0.0,0.0,0.0
26.0,0&10&11,2,,flood_agr,f_a,Wp,8,01_00_00_00,5000,1.0,0.0,0.0,0.0
57.0,0&10&11&13,3,,flood_agr,f_a,Wp,8,01_00_00_00,5000,1.0,0.0,0.0,0.0
84.0,0&10&11&13&14,4,,flood_agr,f_a,Wp,8,01_00_00_00,5000,1.0,0.0,0.0,0.0
26.0,0&10,1,,flood_agr,f_a,Wp,9,01_00_00_00,5000,1.0,0.0,0.0,0.0
36.0,0&10&11,2,,flood_agr,f_a,Wp,9,01_00_00_00,5000,1.0,0.0,0.0,0.0
47.0,0&10&11&13,3,,flood_agr,f_a,Wp,9,01_00_00_00,5000,1.0,0.0,0.0,0.0
62.0,0&10&11&13&14,4,,flood_agr,f_a,Wp,9,01_00_00_00,5000,1.0,0.0,0.0,0.0
56.0,0&10,1,,flood_agr,f_a,Wp,10,01_00_00_00,5000,1.0,0.0,0.0,0.0
69.0,0&10&11,2,,flood_agr,f_a,Wp,10,01_00_00_00,5000,1.0,0.0,0.0,0.0
84.0,0&10&11&13,3,,flood_agr,f_a,Wp,10,01_00_00_00,5000,1.0,0.0,0.0,0.0
94.0,0&10&11&13&14,4,,flood_agr,f_a,Wp,10,01_00_00_00,5000,1.0,0.0,0.0,0.0
38.0,0&10,1,,flood_agr,f_a,D,1,02_00_00_00,5000,2.0,0.0,0.0,0.0
48.0,0&10&13,2,,flood_agr,f_a,D,1,02_00_00_00,5000,2.0,0.0,0.0,0.0
,,3,1.0,flood_agr,f_a,D,1,02_00_00_00,5000,2.0,0.0,0.0,0.0
,,4,1.0,flood_agr,f_a,D,1,02_00_00_00,5000,2.0,0.0,0.0,0.0
14.0,0&10,1,,flood_agr,f_a,D,2,02_00_00_00,5000,2.0,0.0,0.0,0.0
59.0,0&10&13,2,,flood_agr,f_a,D,2,02_00_00_00,5000,2.0,0.0,0.0,0.0
,,3,1.0,flood_agr,f_a,D,2,02_00_00_00,5000,2.0,0.0,0.0,0.0
,,4,1.0,flood_agr,f_a,D,2,02_00_00_00,5000,2.0,0.0,0.0,0.0
23.0,0&10,1,,flood_agr,f_a,D,3,02_00_00_00,5000,2.0,0.0,0.0,0.0
,,2,1.0,flood_agr,f_a,D,3,02_00_00_00,5000,2.0,0.0,0.0,0.0
,,3,1.0,flood_agr,f_a,D,3,02_00_00_00,5000,2.0,0.0,0.0,0.0
,,4,1.0,flood_agr,f_a,D,3,02_00_00_00,5000,2.0,0.0,0.0,0.0
19.0,0&10,1,,flood_agr,f_a,D,4,02_00_00_00,5000,2.0,0.0,0.0,0.0
31.0,0&10&13,2,,flood_agr,f_a,D,4,02_00_00_00,5000,2.0,0.0,0.0,0.0
,,3,1.0,flood_agr,f_a,D,4,02_00_00_00,5000,2.0,0.0,0.0,0.0
,,4,1.0,flood_agr,f_a,D,4,02_00_00_00,5000,2.0,0.0,0.0,0.0
59.0,0&10,1,,flood_agr,f_a,D,5,02_00_00_00,5000,2.0,0.0,0.0,0.0
74.0,0&10&13,2,,flood_agr,f_a,D,5,02_00_00_00,5000,2.0,0.0,0.0,0.0
,,3,1.0,flood_agr,f_a,D,5,02_00_00_00,5000,2.0,0.0,0.0,0.0
,,4,1.0,flood_agr,f_a,D,5,02_00_00_00,5000,2.0,0.0,0.0,0.0
81.0,0&10,1,,flood_agr,f_a,D,6,02_00_00_00,5000,2.0,0.0,0.0,0.0
92.0,0&10&13,2,,flood_agr,f_a,D,6,02_00_00_00,5000,2.0,0.0,0.0,0.0
,,3,1.0,flood_agr,f_a,D,6,02_00_00_00,5000,2.0,0.0,0.0,0.0
,,4,1.0,flood_agr,f_a,D,6,02_00_00_00,5000,2.0,0.0,0.0,0.0
45.0,0&10,1,,flood_agr,f_a,D,7,02_00_00_00,5000,2.0,0.0,0.0,0.0
84.0,0&10&13,2,,flood_agr,f_a,D,7,02_00_00_00,5000,2.0,0.0,0.0,0.0
,,3,1.0,flood_agr,f_a,D,7,02_00_00_00,5000,2.0,0.0,0.0,0.0
,,4,1.0,flood_agr,f_a,D,7,02_00_00_00,5000,2.0,0.0,0.0,0.0
16.0,0&10,1,,flood_agr,f_a,D,8,02_00_00_00,5000,2.0,0.0,0.0,0.0
57.0,0&10&13,2,,flood_agr,f_a,D,8,02_00_00_00,5000,2.0,0.0,0.0,0.0
,,3,1.0,flood_agr,f_a,D,8,02_00_00_00,5000,2.0,0.0,0.0,0.0
,,4,1.0,flood_agr,f_a,D,8,02_00_00_00,5000,2.0,0.0,0.0,0.0
26.0,0&10,1,,flood_agr,f_a,D,9,02_00_00_00,5000,2.0,0.0,0.0,0.0
43.0,0&10&13,2,,flood_agr,f_a,D,9,02_00_00_00,5000,2.0,0.0,0.0,0.0
,,3,1.0,flood_agr,f_a,D,9,02_00_00_00,5000,2.0,0.0,0.0,0.0
,,4,1.0,flood_agr,f_a,D,9,02_00_00_00,5000,2.0,0.0,0.0,0.0
84.0,0&10,1,,flood_agr,f_a,D,10,02_00_00_00,5000,2.0,0.0,0.0,0.0
,,2,1.0,flood_agr,f_a,D,10,02_00_00_00,5000,2.0,0.0,0.0,0.0
,,3,1.0,flood_agr,f_a,D,10,02_00_00_00,5000,2.0,0.0,0.0,0.0
,,4,1.0,flood_agr,f_a,D,10,02_00_00_00,5000,2.0,0.0,0.0,0.0
38.0,0&10,1,,flood_agr,f_a,G,1,02_00_00_00,5000,2.0,0.0,0.0,0.0
48.0,0&10&13,2,,flood_agr,f_a,G,1,02_00_00_00,5000,2.0,0.0,0.0,0.0
,,3,1.0,flood_agr,f_a,G,1,02_00_00_00,5000,2.0,0.0,0.0,0.0
,,4,1.0,flood_agr,f_a,G,1,02_00_00_00,5000,2.0,0.0,0.0,0.0
11.0,0&10,1,,flood_agr,f_a,G,2,02_00_00_00,5000,2.0,0.0,0.0,0.0
21.0,0&10&13,2,,flood_agr,f_a,G,2,02_00_00_00,5000,2.0,0.0,0.0,0.0
59.0,0&10&13&11,3,,flood_agr,f_a,G,2,02_00_00_00,5000,2.0,0.0,0.0,0.0
,,4,1.0,flood_agr,f_a,G,2,02_00_00_00,5000,2.0,0.0,0.0,0.0
,,3,1.0,flood_agr,f_a,G,3,02_00_00_00,5000,2.0,0.0,0.0,0.0
,,4,1.0,flood_agr,f_a,G,3,02_00_00_00,5000,2.0,0.0,0.0,0.0
5.0,0&10,1,,flood_agr,f_a,G,4,02_00_00_00,5000,2.0,0.0,0.0,0.0
19.0,0&10&13,2,,flood_agr,f_a,G,4,02_00_00_00,5000,2.0,0.0,0.0,0.0
31.0,0&10&13&11,3,,flood_agr,f_a,G,4,02_00_00_00,5000,2.0,0.0,0.0,0.0
,,4,1.0,flood_agr,f_a,G,4,02_00_00_00,5000,2.0,0.0,0.0,0.0
58.0,0&10,1,,flood_agr,f_a,G,5,02_00_00_00,5000,2.0,0.0,0.0,0.0
68.0,0&10&13,2,,flood_agr,f_a,G,5,02_00_00_00,5000,2.0,0.0,0.0,0.0
,,3,1.0,flood_agr,f_a,G,5,02_00_00_00,5000,2.0,0.0,0.0,0.0
,,4,1.0,flood_agr,f_a,G,5,02_00_00_00,5000,2.0,0.0,0.0,0.0
78.0,0&10,1,,flood_agr,f_a,G,6,02_00_00_00,5000,2.0,0.0,0.0,0.0
88.0,0&10&13,2,,flood_agr,f_a,G,6,02_00_00_00,5000,2.0,0.0,0.0,0.0
,,3,1.0,flood_agr,f_a,G,6,02_00_00_00,5000,2.0,0.0,0.0,0.0
,,4,1.0,flood_agr,f_a,G,6,02_00_00_00,5000,2.0,0.0,0.0,0.0
45.0,0&10,1,,flood_agr,f_a,G,7,02_00_00_00,5000,2.0,0.0,0.0,0.0
84.0,0&10&13,2,,flood_agr,f_a,G,7,02_00_00_00,5000,2.0,0.0,0.0,0.0
,,3,1.0,flood_agr,f_a,G,7,02_00_00_00,5000,2.0,0.0,0.0,0.0
,,4,1.0,flood_agr,f_a,G,7,02_00_00_00,5000,2.0,0.0,0.0,0.0
16.0,0&10,1,,flood_agr,f_a,G,8,02_00_00_00,5000,2.0,0.0,0.0,0.0
26.0,0&10&13,2,,flood_agr,f_a,G,8,02_00_00_00,5000,2.0,0.0,0.0,0.0
57.0,0&10&13&11,3,,flood_agr,f_a,G,8,02_00_00_00,5000,2.0,0.0,0.0,0.0
,,4,1.0,flood_agr,f_a,G,8,02_00_00_00,5000,2.0,0.0,0.0,0.0
26.0,0&10,1,,flood_agr,f_a,G,9,02_00_00_00,5000,2.0,0.0,0.0,0.0
43.0,0&10&13,2,,flood_agr,f_a,G,9,02_00_00_00,5000,2.0,0.0,0.0,0.0
,,3,1.0,flood_agr,f_a,G,9,02_00_00_00,5000,2.0,0.0,0.0,0.0
,,4,1.0,flood_agr,f_a,G,9,02_00_00_00,5000,2.0,0.0,0.0,0.0
84.0,0&10,1,,flood_agr,f_a,G,10,02_00_00_00,5000,2.0,0.0,0.0,0.0
94.0,0&10&13,2,,flood_agr,f_a,G,10,02_00_00_00,5000,2.0,0.0,0.0,0.0
,,3,1.0,flood_agr,f_a,G,10,02_00_00_00,5000,2.0,0.0,0.0,0.0
,,4,1.0,flood_agr,f_a,G,10,02_00_00_00,5000,2.0,0.0,0.0,0.0
38.0,0&10,1,,flood_agr,f_a,Wp,1,02_00_00_00,5000,2.0,0.0,0.0,0.0
48.0,0&10&13,2,,flood_agr,f_a,Wp,1,02_00_00_00,5000,2.0,0.0,0.0,0.0
,,3,1.0,flood_agr,f_a,Wp,1,02_00_00_00,5000,2.0,0.0,0.0,0.0
,,4,1.0,flood_agr,f_a,Wp,1,02_00_00_00,5000,2.0,0.0,0.0,0.0
11.0,0&10,1,,flood_agr,f_a,Wp,2,02_00_00_00,5000,2.0,0.0,0.0,0.0
21.0,0&10&13,2,,flood_agr,f_a,Wp,2,02_00_00_00,5000,2.0,0.0,0.0,0.0
45.0,0&10&13&11,3,,flood_agr,f_a,Wp,2,02_00_00_00,5000,2.0,0.0,0.0,0.0
59.0,0&10&13&11&14,4,,flood_agr,f_a,Wp,2,02_00_00_00,5000,2.0,0.0,0.0,0.0
23.0,0&10,1,,flood_agr,f_a,Wp,3,02_00_00_00,5000,2.0,0.0,0.0,0.0
49.0,0&10&13,2,,flood_agr,f_a,Wp,3,02_00_00_00,5000,2.0,0.0,0.0,0.0
75.0,0&10&13&11,3,,flood_agr,f_a,Wp,3,02_00_00_00,5000,2.0,0.0,0.0,0.0
85.0,0&10&13&11&14,4,,flood_agr,f_a,Wp,3,02_00_00_00,5000,2.0,0.0,0.0,0.0
5.0,0&10,1,,flood_agr,f_a,Wp,4,02_00_00_00,5000,2.0,0.0,0.0,0.0
19.0,0&10&13,2,,flood_agr,f_a,Wp,4,02_00_00_00,5000,2.0,0.0,0.0,0.0
31.0,0&10&13&11,3,,flood_agr,f_a,Wp,4,02_00_00_00,5000,2.0,0.0,0.0,0.0
,,4,1.0,flood_agr,f_a,Wp,4,02_00_00_00,5000,2.0,0.0,0.0,0.0
53.0,0&10,1,,flood_agr,f_a,Wp,5,02_00_00_00,5000,2.0,0.0,0.0,0.0
63.0,0&10&13,2,,flood_agr,f_a,Wp,5,02_00_00_00,5000,2.0,0.0,0.0,0.0
73.0,0&10&13&11,3,,flood_agr,f_a,Wp,5,02_00_00_00,5000,2.0,0.0,0.0,0.0
,,4,1.0,flood_agr,f_a,Wp,5,02_00_00_00,5000,2.0,0.0,0.0,0.0
32.0,0&10,1,,flood_agr,f_a,Wp,6,02_00_00_00,5000,2.0,0.0,0.0,0.0
77.0,0&10&13,2,,flood_agr,f_a,Wp,6,02_00_00_00,5000,2.0,0.0,0.0,0.0
87.0,0&10&13&11,3,,flood_agr,f_a,Wp,6,02_00_00_00,5000,2.0,0.0,0.0,0.0
,,4,1.0,flood_agr,f_a,Wp,6,02_00_00_00,5000,2.0,0.0,0.0,0.0
,,4,1.0,flood_agr,f_a,Wp,7,02_00_00_00,5000,2.0,0.0,0.0,0.0
16.0,0&10,1,,flood_agr,f_a,Wp,8,02_00_00_00,5000,2.0,0.0,0.0,0.0
26.0,0&10&13,2,,flood_agr,f_a,Wp,8,02_00_00_00,5000,2.0,0.0,0.0,0.0
57.0,0&10&13&11,3,,flood_agr,f_a,Wp,8,02_00_00_00,5000,2.0,0.0,0.0,0.0
84.0,0&10&13&11&14,4,,flood_agr,f_a,Wp,8,02_00_00_00,5000,2.0,0.0,0.0,0.0
26.0,0&10,1,,flood_agr,f_a,Wp,9,02_00_00_00,5000,2.0,0.0,0.0,0.0
36.0,0&10&13,2,,flood_agr,f_a,Wp,9,02_00_00_00,5000,2.0,0.0,0.0,0.0
47.0,0&10&13&11,3,,flood_agr,f_a,Wp,9,02_00_00_00,5000,2.0,0.0,0.0,0.0
62.0,0&10&13&11&14,4,,flood_agr,f_a,Wp,9,02_00_00_00,5000,2.0,0.0,0.0,0.0
56.0,0&10,1,,flood_agr,f_a,Wp,10,02_00_00_00,5000,2.0,0.0,0.0,0.0
69.0,0&10&13,2,,flood_agr,f_a,Wp,10,02_00_00_00,5000,2.0,0.0,0.0,0.0
84.0,0&10&13&11,3,,flood_agr,f_a,Wp,10,02_00_00_00,5000,2.0,0.0,0.0,0.0
94.0,0&10&13&11&14,4,,flood_agr,f_a,Wp,10,02_00_00_00,5000,2.0,0.0,0.0,0.0
38.0,0&11,1,,flood_agr,f_a,D,1,03_00_00_00,5000,3.0,0.0,0.0,0.0
48.0,0&11&10,2,,flood_agr,f_a,D,1,03_00_00_00,5000,3.0,0.0,0.0,0.0
,,3,1.0,flood_agr,f_a,D,1,03_00_00_00,5000,3.0,0.0,0.0,0.0
,,4,1.0,flood_agr,f_a,D,1,03_00_00_00,5000,3.0,0.0,0.0,0.0
14.0,0&11,1,,flood_agr,f_a,D,2,03_00_00_00,5000,3.0,0.0,0.0,0.0
59.0,0&11&10,2,,flood_agr,f_a,D,2,03_00_00_00,5000,3.0,0.0,0.0,0.0
,,3,1.0,flood_agr,f_a,D,2,03_00_00_00,5000,3.0,0.0,0.0,0.0
,,4,1.0,flood_agr,f_a,D,2,03_00_00_00,5000,3.0,0.0,0.0,0.0
23.0,0&11,1,,flood_agr,f_a,D,3,03_00_00_00,5000,3.0,0.0,0.0,0.0
,,2,1.0,flood_agr,f_a,D,3,03_00_00_00,5000,3.0,0.0,0.0,0.0
,,3,1.0,flood_agr,f_a,D,3,03_00_00_00,5000,3.0,0.0,0.0,0.0
,,4,1.0,flood_agr,f_a,D,3,03_00_00_00,5000,3.0,0.0,0.0,0.0
19.0,0&11,1,,flood_agr,f_a,D,4,03_00_00_00,5000,3.0,0.0,0.0,0.0
,,2,1.0,flood_agr,f_a,D,4,03_00_00_00,5000,3.0,0.0,0.0,0.0
,,3,1.0,flood_agr,f_a,D,4,03_00_00_00,5000,3.0,0.0,0.0,0.0
,,4,1.0,flood_agr,f_a,D,4,03_00_00_00,5000,3.0,0.0,0.0,0.0
59.0,0&11,1,,flood_agr,f_a,D,5,03_00_00_00,5000,3.0,0.0,0.0,0.0
74.0,0&11&10,2,,flood_agr,f_a,D,5,03_00_00_00,5000,3.0,0.0,0.0,0.0
,,3,1.0,flood_agr,f_a,D,5,03_00_00_00,5000,3.0,0.0,0.0,0.0
,,4,1.0,flood_agr,f_a,D,5,03_00_00_00,5000,3.0,0.0,0.0,0.0
81.0,0&11,1,,flood_agr,f_a,D,6,03_00_00_00,5000,3.0,0.0,0.0,0.0
92.0,0&11&10,2,,flood_agr,f_a,D,6,03_00_00_00,5000,3.0,0.0,0.0,0.0
,,3,1.0,flood_agr,f_a,D,6,03_00_00_00,5000,3.0,0.0,0.0,0.0
,,4,1.0,flood_agr,f_a,D,6,03_00_00_00,5000,3.0,0.0,0.0,0.0
45.0,0&11,1,,flood_agr,f_a,D,7,03_00_00_00,5000,3.0,0.0,0.0,0.0
84.0,0&11&10,2,,flood_agr,f_a,D,7,03_00_00_00,5000,3.0,0.0,0.0,0.0
,,3,1.0,flood_agr,f_a,D,7,03_00_00_00,5000,3.0,0.0,0.0,0.0
,,4,1.0,flood_agr,f_a,D,7,03_00_00_00,5000,3.0,0.0,0.0,0.0
16.0,0&11,1,,flood_agr,f_a,D,8,03_00_00_00,5000,3.0,0.0,0.0,0.0
57.0,0&11&10,2,,flood_agr,f_a,D,8,03_00_00_00,5000,3.0,0.0,0.0,0.0
,,3,1.0,flood_agr,f_a,D,8,03_00_00_00,5000,3.0,0.0,0.0,0.0
,,4,1.0,flood_agr,f_a,D,8,03_00_00_00,5000,3.0,0.0,0.0,0.0
26.0,0&11,1,,flood_agr,f_a,D,9,03_00_00_00,5000,3.0,0.0,0.0,0.0
43.0,0&11&10,2,,flood_agr,f_a,D,9,03_00_00_00,5000,3.0,0.0,0.0,0.0
53.0,0&11&10&13,3,,flood_agr,f_a,D,9,03_00_00_00,5000,3.0,0.0,0.0,0.0
,,4,1.0,flood_agr,f_a,D,9,03_00_00_00,5000,3.0,0.0,0.0,0.0
84.0,0&11,1,,flood_agr,f_a,D,10,03_00_00_00,5000,3.0,0.0,0.0,0.0
,,2,1.0,flood_agr,f_a,D,10,03_00_00_00,5000,3.0,0.0,0.0,0.0
,,3,1.0,flood_agr,f_a,D,10,03_00_00_00,5000,3.0,0.0,0.0,0.0
,,4,1.0,flood_agr,f_a,D,10,03_00_00_00,5000,3.0,0.0,0.0,0.0
38.0,0&11,1,,flood_agr,f_a,G,1,03_00_00_00,5000,3.0,0.0,0.0,0.0
48.0,0&11&10,2,,flood_agr,f_a,G,1,03_00_00_00,5000,3.0,0.0,0.0,0.0
,,3,1.0,flood_agr,f_a,G,1,03_00_00_00,5000,3.0,0.0,0.0,0.0
,,4,1.0,flood_agr,f_a,G,1,03_00_00_00,5000,3.0,0.0,0.0,0.0
11.0,0&11,1,,flood_agr,f_a,G,2,03_00_00_00,5000,3.0,0.0,0.0,0.0
59.0,0&11&10,2,,flood_agr,f_a,G,2,03_00_00_00,5000,3.0,0.0,0.0,0.0
69.0,0&11&10&13,3,,flood_agr,f_a,G,2,03_00_00_00,5000,3.0,0.0,0.0,0.0
,,4,1.0,flood_agr,f_a,G,2,03_00_00_00,5000,3.0,0.0,0.0,0.0
23.0,0&11,1,,flood_agr,f_a,G,3,03_00_00_00,5000,3.0,0.0,0.0,0.0
75.0,0&11&10,2,,flood_agr,f_a,G,3,03_00_00_00,5000,3.0,0.0,0.0,0.0
85.0,0&11&10&13,3,,flood_agr,f_a,G,3,03_00_00_00,5000,3.0,0.0,0.0,0.0
,,4,1.0,flood_agr,f_a,G,3,03_00_00_00,5000,3.0,0.0,0.0,0.0
5.0,0&11,1,,flood_agr,f_a,G,4,03_00_00_00,5000,3.0,0.0,0.0,0.0
19.0,0&11&10,2,,flood_agr,f_a,G,4,03_00_00_00,5000,3.0,0.0,0.0,0.0
,,3,1.0,flood_agr,f_a,G,4,03_00_00_00,5000,3.0,0.0,0.0,0.0
,,4,1.0,flood_agr,f_a,G,4,03_00_00_00,5000,3.0,0.0,0.0,0.0
58.0,0&11,1,,flood_agr,f_a,G,5,03_00_00_00,5000,3.0,0.0,0.0,0.0
68.0,0&11&10,2,,flood_agr,f_a,G,5,03_00_00_00,5000,3.0,0.0,0.0,0.0
,,3,1.0,flood_agr,f_a,G,5,03_00_00_00,5000,3.0,0.0,0.0,0.0
,,4,1.0,flood_agr,f_a,G,5,03_00_00_00,5000,3.0,0.0,0.0,0.0
78.0,0&11,1,,flood_agr,f_a,G,6,03_00_00_00,5000,3.0,0.0,0.0,0.0
88.0,0&11&10,2,,flood_agr,f_a,G,6,03_00_00_00,5000,3.0,0.0,0.0,0.0
,,3,1.0,flood_agr,f_a,G,6,03_00_00_00,5000,3.0,0.0,0.0,0.0
,,4,1.0,flood_agr,f_a,G,6,03_00_00_00,5000,3.0,0.0,0.0,0.0
45.0,0&11,1,,flood_agr,f_a,G,7,03_00_00_00,5000,3.0,0.0,0.0,0.0
84.0,0&11&10,2,,flood_agr,f_a,G,7,03_00_00_00,5000,3.0,0.0,0.0,0.0
,,3,1.0,flood_agr,f_a,G,7,03_00_00_00,5000,3.0,0.0,0.0,0.0
,,4,1.0,flood_agr,f_a,G,7,03_00_00_00,5000,3.0,0.0,0.0,0.0
16.0,0&11,1,,flood_agr,f_a,G,8,03_00_00_00,5000,3.0,0.0,0.0,0.0
26.0,0&11&10,2,,flood_agr,f_a,G,8,03_00_00_00,5000,3.0,0.0,0.0,0.0
57.0,0&11&10&13,3,,flood_agr,f_a,G,8,03_00_00_00,5000,3.0,0.0,0.0,0.0
,,4,1.0,flood_agr,f_a,G,8,03_00_00_00,5000,3.0,0.0,0.0,0.0
26.0,0&11,1,,flood_agr,f_a,G,9,03_00_00_00,5000,3.0,0.0,0.0,0.0
43.0,0&11&10,2,,flood_agr,f_a,G,9,03_00_00_00,5000,3.0,0.0,0.0,0.0
53.0,0&11&10&13,3,,flood_agr,f_a,G,9,03_00_00_00,5000,3.0,0.0,0.0,0.0
,,4,1.0,flood_agr,f_a,G,9,03_00_00_00,5000,3.0,0.0,0.0,0.0
84.0,0&11,1,,flood_agr,f_a,G,10,03_00_00_00,5000,3.0,0.0,0.0,0.0
94.0,0&11&10,2,,flood_agr,f_a,G,10,03_00_00_00,5000,3.0,0.0,0.0,0.0
,,3,1.0,flood_agr,f_a,G,10,03_00_00_00,5000,3.0,0.0,0.0,0.0
,,4,1.0,flood_agr,f_a,G,10,03_00_00_00,5000,3.0,0.0,0.0,0.0
38.0,0&11,1,,flood_agr,f_a,Wp,1,03_00_00_00,5000,3.0,0.0,0.0,0.0
48.0,0&11&10,2,,flood_agr,f_a,Wp,1,03_00_00_00,5000,3.0,0.0,0.0,0.0
58.0,0&11&10&13,3,,flood_agr,f_a,Wp,1,03_00_00_00,5000,3.0,0.0,0.0,0.0
,,4,1.0,flood_agr,f_a,Wp,1,03_00_00_00,5000,3.0,0.0,0.0,0.0
11.0,0&11,1,,flood_agr,f_a,Wp,2,03_00_00_00,5000,3.0,0.0,0.0,0.0
21.0,0&11&10,2,,flood_agr,f_a,Wp,2,03_00_00_00,5000,3.0,0.0,0.0,0.0
40.0,0&11&10&13,3,,flood_agr,f_a,Wp,2,03_00_00_00,5000,3.0,0.0,0.0,0.0
59.0,0&11&10&13&14,4,,flood_agr,f_a,Wp,2,03_00_00_00,5000,3.0,0.0,0.0,0.0
23.0,0&11,1,,flood_agr,f_a,Wp,3,03_00_00_00,5000,3.0,0.0,0.0,0.0
49.0,0&11&10,2,,flood_agr,f_a,Wp,3,03_00_00_00,5000,3.0,0.0,0.0,0.0
75.0,0&11&10&13,3,,flood_agr,f_a,Wp,3,03_00_00_00,5000,3.0,0.0,0.0,0.0
85.0,0&11&10&13&14,4,,flood_agr,f_a,Wp,3,03_00_00_00,5000,3.0,0.0,0.0,0.0
5.0,0&11,1,,flood_agr,f_a,Wp,4,03_00_00_00,5000,3.0,0.0,0.0,0.0
19.0,0&11&10,2,,flood_agr,f_a,Wp,4,03_00_00_00,5000,3.0,0.0,0.0,0.0
31.0,0&11&10&13,3,,flood_agr,f_a,Wp,4,03_00_00_00,5000,3.0,0.0,0.0,0.0
,,4,1.0,flood_agr,f_a,Wp,4,03_00_00_00,5000,3.0,0.0,0.0,0.0
53.0,0&11,1,,flood_agr,f_a,Wp,5,03_00_00_00,5000,3.0,0.0,0.0,0.0
63.0,0&11&10,2,,flood_agr,f_a,Wp,5,03_00_00_00,5000,3.0,0.0,0.0,0.0
73.0,0&11&10&13,3,,flood_agr,f_a,Wp,5,03_00_00_00,5000,3.0,0.0,0.0,0.0
,,4,1.0,flood_agr,f_a,Wp,5,03_00_00_00,5000,3.0,0.0,0.0,0.0
32.0,0&11,1,,flood_agr,f_a,Wp,6,03_00_00_00,5000,3.0,0.0,0.0,0.0
78.0,0&11&10,2,,flood_agr,f_a,Wp,6,03_00_00_00,5000,3.0,0.0,0.0,0.0
88.0,0&11&10&13,3,,flood_agr,f_a,Wp,6,03_00_00_00,5000,3.0,0.0,0.0,0.0
98.0,0&11&10&13&14,4,,flood_agr,f_a,Wp,6,03_00_00_00,5000,3.0,0.0,0.0,0.0
45.0,0&11,1,,flood_agr,f_a,Wp,7,03_00_00_00,5000,3.0,0.0,0.0,0.0
60.0,0&11&10,2,,flood_agr,f_a,Wp,7,03_00_00_00,5000,3.0,0.0,0.0,0.0
73.0,0&11&10&13,3,,flood_agr,f_a,Wp,7,03_00_00_00,5000,3.0,0.0,0.0,0.0
84.0,0&11&10&13&14,4,,flood_agr,f_a,Wp,7,03_00_00_00,5000,3.0,0.0,0.0,0.0
16.0,0&11,1,,flood_agr,f_a,Wp,8,03_00_00_00,5000,3.0,0.0,0.0,0.0
26.0,0&11&10,2,,flood_agr,f_a,Wp,8,03_00_00_00,5000,3.0,0.0,0.0,0.0
57.0,0&11&10&13,3,,flood_agr,f_a,Wp,8,03_00_00_00,5000,3.0,0.0,0.0,0.0
84.0,0&11&10&13&14,4,,flood_agr,f_a,Wp,8,03_00_00_00,5000,3.0,0.0,0.0,0.0
26.0,0&11,1,,flood_agr,f_a,Wp,9,03_00_00_00,5000,3.0,0.0,0.0,0.0
40.0,0&11&10,2,,flood_agr,f_a,Wp,9,03_00_00_00,5000,3.0,0.0,0.0,0.0
62.0,0&11&10&13,3,,flood_agr,f_a,Wp,9,03_00_00_00,5000,3.0,0.0,0.0,0.0
,,4,1.0,flood_agr,f_a,Wp,9,03_00_00_00,5000,3.0,0.0,0.0,0.0
56.0,0&11,1,,flood_agr,f_a,Wp,10,03_00_00_00,5000,3.0,0.0,0.0,0.0
84.0,0&11&10,2,,flood_agr,f_a,Wp,10,03_00_00_00,5000,3.0,0.0,0.0,0.0
94.0,0&11&10&13,3,,flood_agr,f_a,Wp,10,03_00_00_00,5000,3.0,0.0,0.0,0.0
,,4,1.0,flood_agr,f_a,Wp,10,03_00_00_00,5000,3.0,0.0,0.0,0.0
38.0,0&11,1,,flood_agr,f_a,D,1,04_00_00_00,5000,4.0,0.0,0.0,0.0
48.0,0&11&13,2,,flood_agr,f_a,D,1,04_00_00_00,5000,4.0,0.0,0.0,0.0
,,3,1.0,flood_agr,f_a,D,1,04_00_00_00,5000,4.0,0.0,0.0,0.0
,,4,1.0,flood_agr,f_a,D,1,04_00_00_00,5000,4.0,0.0,0.0,0.0
14.0,0&11,1,,flood_agr,f_a,D,2,04_00_00_00,5000,4.0,0.0,0.0,0.0
59.0,0&11&13,2,,flood_agr,f_a,D,2,04_00_00_00,5000,4.0,0.0,0.0,0.0
,,3,1.0,flood_agr,f_a,D,2,04_00_00_00,5000,4.0,0.0,0.0,0.0
,,4,1.0,flood_agr,f_a,D,2,04_00_00_00,5000,4.0,0.0,0.0,0.0
23.0,0&11,1,,flood_agr,f_a,D,3,04_00_00_00,5000,4.0,0.0,0.0,0.0
,,2,1.0,flood_agr,f_a,D,3,04_00_00_00,5000,4.0,0.0,0.0,0.0
,,3,1.0,flood_agr,f_a,D,3,04_00_00_00,5000,4.0,0.0,0.0,0.0
,,4,1.0,flood_agr,f_a,D,3,04_00_00_00,5000,4.0,0.0,0.0,0.0
19.0,0&11,1,,flood_agr,f_a,D,4,04_00_00_00,5000,4.0,0.0,0.0,0.0
,,2,1.0,flood_agr,f_a,D,4,04_00_00_00,5000,4.0,0.0,0.0,0.0
,,3,1.0,flood_agr,f_a,D,4,04_00_00_00,5000,4.0,0.0,0.0,0.0
,,4,1.0,flood_agr,f_a,D,4,04_00_00_00,5000,4.0,0.0,0.0,0.0
59.0,0&11,1,,flood_agr,f_a,D,5,04_00_00_00,5000,4.0,0.0,0.0,0.0
74.0,0&11&13,2,,flood_agr,f_a,D,5,04_00_00_00,5000,4.0,0.0,0.0,0.0
,,3,1.0,flood_agr,f_a,D,5,04_00_00_00,5000,4.0,0.0,0.0,0.0
,,4,1.0,flood_agr,f_a,D,5,04_00_00_00,5000,4.0,0.0,0.0,0.0
81.0,0&11,1,,flood_agr,f_a,D,6,04_00_00_00,5000,4.0,0.0,0.0,0.0
92.0,0&11&13,2,,flood_agr,f_a,D,6,04_00_00_00,5000,4.0,0.0,0.0,0.0
,,3,1.0,flood_agr,f_a,D,6,04_00_00_00,5000,4.0,0.0,0.0,0.0
,,4,1.0,flood_agr,f_a,D,6,04_00_00_00,5000,4.0,0.0,0.0,0.0
45.0,0&11,1,,flood_agr,f_a,D,7,04_00_00_00,5000,4.0,0.0,0.0,0.0
84.0,0&11&13,2,,flood_agr,f_a,D,7,04_00_00_00,5000,4.0,0.0,0.0,0.0
,,3,1.0,flood_agr,f_a,D,7,04_00_00_00,5000,4.0,0.0,0.0,0.0
,,4,1.0,flood_agr,f_a,D,7,04_00_00_00,5000,4.0,0.0,0.0,0.0
16.0,0&11,1,,flood_agr,f_a,D,8,04_00_00_00,5000,4.0,0.0,0.0,0.0
57.0,0&11&13,2,,flood_agr,f_a,D,8,04_00_00_00,5000,4.0,0.0,0.0,0.0
,,3,1.0,flood_agr,f_a,D,8,04_00_00_00,5000,4.0,0.0,0.0,0.0
,,4,1.0,flood_agr,f_a,D,8,04_00_00_00,5000,4.0,0.0,0.0,0.0
26.0,0&11,1,,flood_agr,f_a,D,9,04_00_00_00,5000,4.0,0.0,0.0,0.0
43.0,0&11&13,2,,flood_agr,f_a,D,9,04_00_00_00,5000,4.0,0.0,0.0,0.0
,,3,1.0,flood_agr,f_a,D,9,04_00_00_00,5000,4.0,0.0,0.0,0.0
,,4,1.0,flood_agr,f_a,D,9,04_00_00_00,5000,4.0,0.0,0.0,0.0
84.0,0&11,1,,flood_agr,f_a,D,10,04_00_00_00,5000,4.0,0.0,0.0,0.0
,,2,1.0,flood_agr,f_a,D,10,04_00_00_00,5000,4.0,0.0,0.0,0.0
,,3,1.0,flood_agr,f_a,D,10,04_00_00_00,5000,4.0,0.0,0.0,0.0
,,4,1.0,flood_agr,f_a,D,10,04_00_00_00,5000,4.0,0.0,0.0,0.0
38.0,0&11,1,,flood_agr,f_a,G,1,04_00_00_00,5000,4.0,0.0,0.0,0.0
48.0,0&11&13,2,,flood_agr,f_a,G,1,04_00_00_00,5000,4.0,0.0,0.0,0.0
,,3,1.0,flood_agr,f_a,G,1,04_00_00_00,5000,4.0,0.0,0.0,0.0
,,4,1.0,flood_agr,f_a,G,1,04_00_00_00,5000,4.0,0.0,0.0,0.0
11.0,0&11,1,,flood_agr,f_a,G,2,04_00_00_00,5000,4.0,0.0,0.0,0.0
59.0,0&11&13,2,,flood_agr,f_a,G,2,04_00_00_00,5000,4.0,0.0,0.0,0.0
69.0,0&11&13&10,3,,flood_agr,f_a,G,2,04_00_00_00,5000,4.0,0.0,0.0,0.0
,,4,1.0,flood_agr,f_a,G,2,04_00_00_00,5000,4.0,0.0,0.0,0.0
23.0,0&11,1,,flood_agr,f_a,G,3,04_00_00_00,5000,4.0,0.0,0.0,0.0
75.0,0&11&13,2,,flood_agr,f_a,G,3,04_00_00_00,5000,4.0,0.0,0.0,0.0
,,3,1.0,flood_agr,f_a,G,3,04_00_00_00,5000,4.0,0.0,0.0,0.0
,,4,1.0,flood_agr,f_a,G,3,04_00_00_00,5000,4.0,0.0,0.0,0.0
5.0,0&11,1,,flood_agr,f_a,G,4,04_00_00_00,5000,4.0,0.0,0.0,0.0
19.0,0&11&13,2,,flood_agr,f_a,G,4,04_00_00_00,5000,4.0,0.0,0.0,0.0
,,3,1.0,flood_agr,f_a,G,4,04_00_00_00,5000,4.0,0.0,0.0,0.0
,,4,1.0,flood_agr,f_a,G,4,04_00_00_00,5000,4.0,0.0,0.0,0.0
58.0,0&11,1,,flood_agr,f_a,G,5,04_00_00_00,5000,4.0,0.0,0.0,0.0
68.0,0&11&13,2,,flood_agr,f_a,G,5,04_00_00_00,5000,4.0,0.0,0.0,0.0
,,3,1.0,flood_agr,f_a,G,5,04_00_00_00,5000,4.0,0.0,0.0,0.0
,,4,1.0,flood_agr,f_a,G,5,04_00_00_00,5000,4.0,0.0,0.0,0.0
78.0,0&11,1,,flood_agr,f_a,G,6,04_00_00_00,5000,4.0,0.0,0.0,0.0
88.0,0&11&13,2,,flood_agr,f_a,G,6,04_00_00_00,5000,4.0,0.0,0.0,0.0
,,3,1.0,flood_agr,f_a,G,6,04_00_00_00,5000,4.0,0.0,0.0,0.0
,,4,1.0,flood_agr,f_a,G,6,04_00_00_00,5000,4.0,0.0,0.0,0.0
45.0,0&11,1,,flood_agr,f_a,G,7,04_00_00_00,5000,4.0,0.0,0.0,0.0
84.0,0&11&13,2,,flood_agr,f_a,G,7,04_00_00_00,5000,4.0,0.0,0.0,0.0
,,3,1.0,flood_agr,f_a,G,7,04_00_00_00,5000,4.0,0.0,0.0,0.0
,,4,1.0,flood_agr,f_a,G,7,04_00_00_00,5000,4.0,0.0,0.0,0.0
16.0,0&11,1,,flood_agr,f_a,G,8,04_00_00_00,5000,4.0,0.0,0.0,0.0
26.0,0&11&13,2,,flood_agr,f_a,G,8,04_00_00_00,5000,4.0,0.0,0.0,0.0
57.0,0&11&13&10,3,,flood_agr,f_a,G,8,04_00_00_00,5000,4.0,0.0,0.0,0.0
,,4,1.0,flood_agr,f_a,G,8,04_00_00_00,5000,4.0,0.0,0.0,0.0
26.0,0&11,1,,flood_agr,f_a,G,9,04_00_00_00,5000,4.0,0.0,0.0,0.0
43.0,0&11&13,2,,flood_agr,f_a,G,9,04_00_00_00,5000,4.0,0.0,0.0,0.0
,,3,1.0,flood_agr,f_a,G,9,04_00_00_00,5000,4.0,0.0,0.0,0.0
,,4,1.0,flood_agr,f_a,G,9,04_00_00_00,5000,4.0,0.0,0.0,0.0
84.0,0&11,1,,flood_agr,f_a,G,10,04_00_00_00,5000,4.0,0.0,0.0,0.0
94.0,0&11&13,2,,flood_agr,f_a,G,10,04_00_00_00,5000,4.0,0.0,0.0,0.0
,,3,1.0,flood_agr,f_a,G,10,04_00_00_00,5000,4.0,0.0,0.0,0.0
,,4,1.0,flood_agr,f_a,G,10,04_00_00_00,5000,4.0,0.0,0.0,0.0
38.0,0&11,1,,flood_agr,f_a,Wp,1,04_00_00_00,5000,4.0,0.0,0.0,0.0
48.0,0&11&13,2,,flood_agr,f_a,Wp,1,04_00_00_00,5000,4.0,0.0,0.0,0.0
,,3,1.0,flood_agr,f_a,Wp,1,04_00_00_00,5000,4.0,0.0,0.0,0.0
,,4,1.0,flood_agr,f_a,Wp,1,04_00_00_00,5000,4.0,0.0,0.0,0.0
11.0,0&11,1,,flood_agr,f_a,Wp,2,04_00_00_00,5000,4.0,0.0,0.0,0.0
21.0,0&11&13,2,,flood_agr,f_a,Wp,2,04_00_00_00,5000,4.0,0.0,0.0,0.0
59.0,0&11&13&10,3,,flood_agr,f_a,Wp,2,04_00_00_00,5000,4.0,0.0,0.0,0.0
95.0,0&11&13&10&14,4,,flood_agr,f_a,Wp,2,04_00_00_00,5000,4.0,0.0,0.0,0.0
23.0,0&11,1,,flood_agr,f_a,Wp,3,04_00_00_00,5000,4.0,0.0,0.0,0.0
49.0,0&11&13,2,,flood_agr,f_a,Wp,3,04_00_00_00,5000,4.0,0.0,0.0,0.0
75.0,0&11&13&10,3,,flood_agr,f_a,Wp,3,04_00_00_00,5000,4.0,0.0,0.0,0.0
85.0,0&11&13&10&14,4,,flood_agr,f_a,Wp,3,04_00_00_00,5000,4.0,0.0,0.0,0.0
5.0,0&11,1,,flood_agr,f_a,Wp,4,04_00_00_00,5000,4.0,0.0,0.0,0.0
19.0,0&11&13,2,,flood_agr,f_a,Wp,4,04_00_00_00,5000,4.0,0.0,0.0,0.0
31.0,0&11&13&10,3,,flood_agr,f_a,Wp,4,04_00_00_00,5000,4.0,0.0,0.0,0.0
,,4,1.0,flood_agr,f_a,Wp,4,04_00_00_00,5000,4.0,0.0,0.0,0.0
53.0,0&11,1,,flood_agr,f_a,Wp,5,04_00_00_00,5000,4.0,0.0,0.0,0.0
63.0,0&11&13,2,,flood_agr,f_a,Wp,5,04_00_00_00,5000,4.0,0.0,0.0,0.0
73.0,0&11&13&10,3,,flood_agr,f_a,Wp,5,04_00_00_00,5000,4.0,0.0,0.0,0.0
,,4,1.0,flood_agr,f_a,Wp,5,04_00_00_00,5000,4.0,0.0,0.0,0.0
32.0,0&11,1,,flood_agr,f_a,Wp,6,04_00_00_00,5000,4.0,0.0,0.0,0.0
78.0,0&11&13,2,,flood_agr,f_a,Wp,6,04_00_00_00,5000,4.0,0.0,0.0,0.0
88.0,0&11&13&10,3,,flood_agr,f_a,Wp,6,04_00_00_00,5000,4.0,0.0,0.0,0.0
,,4,1.0,flood_agr,f_a,Wp,6,04_00_00_00,5000,4.0,0.0,0.0,0.0
,,4,1.0,flood_agr,f_a,Wp,7,04_00_00_00,5000,4.0,0.0,0.0,0.0
16.0,0&11,1,,flood_agr,f_a,Wp,8,04_00_00_00,5000,4.0,0.0,0.0,0.0
26.0,0&11&13,2,,flood_agr,f_a,Wp,8,04_00_00_00,5000,4.0,0.0,0.0,0.0
57.0,0&11&13&10,3,,flood_agr,f_a,Wp,8,04_00_00_00,5000,4.0,0.0,0.0,0.0
84.0,0&11&13&10&14,4,,flood_agr,f_a,Wp,8,04_00_00_00,5000,4.0,0.0,0.0,0.0
26.0,0&11,1,,flood_agr,f_a,Wp,9,04_00_00_00,5000,4.0,0.0,0.0,0.0
40.0,0&11&13,2,,flood_agr,f_a,Wp,9,04_00_00_00,5000,4.0,0.0,0.0,0.0
62.0,0&11&13&10,3,,flood_agr,f_a,Wp,9,04_00_00_00,5000,4.0,0.0,0.0,0.0
,,4,1.0,flood_agr,f_a,Wp,9,04_00_00_00,5000,4.0,0.0,0.0,0.0
56.0,0&11,1,,flood_agr,f_a,Wp,10,04_00_00_00,5000,4.0,0.0,0.0,0.0
84.0,0&11&13,2,,flood_agr,f_a,Wp,10,04_00_00_00,5000,4.0,0.0,0.0,0.0
94.0,0&11&13&10,3,,flood_agr,f_a,Wp,10,04_00_00_00,5000,4.0,0.0,0.0,0.0
,,4,1.0,flood_agr,f_a,Wp,10,04_00_00_00,5000,4.0,0.0,0.0,0.0
38.0,0&13,1,,flood_agr,f_a,D,1,05_00_00_00,5000,5.0,0.0,0.0,0.0
48.0,0&13&14,2,,flood_agr,f_a,D,1,05_00_00_00,5000,5.0,0.0,0.0,0.0
,,3,1.0,flood_agr,f_a,D,1,05_00_00_00,5000,5.0,0.0,0.0,0.0
,,4,1.0,flood_agr,f_a,D,1,05_00_00_00,5000,5.0,0.0,0.0,0.0
14.0,0&13,1,,flood_agr,f_a,D,2,05_00_00_00,5000,5.0,0.0,0.0,0.0
59.0,0&13&14,2,,flood_agr,f_a,D,2,05_00_00_00,5000,5.0,0.0,0.0,0.0
,,3,1.0,flood_agr,f_a,D,2,05_00_00_00,5000,5.0,0.0,0.0,0.0
,,4,1.0,flood_agr,f_a,D,2,05_00_00_00,5000,5.0,0.0,0.0,0.0
23.0,0&13,1,,flood_agr,f_a,D,3,05_00_00_00,5000,5.0,0.0,0.0,0.0
,,2,1.0,flood_agr,f_a,D,3,05_00_00_00,5000,5.0,0.0,0.0,0.0
,,3,1.0,flood_agr,f_a,D,3,05_00_00_00,5000,5.0,0.0,0.0,0.0
,,4,1.0,flood_agr,f_a,D,3,05_00_00_00,5000,5.0,0.0,0.0,0.0
19.0,0&13,1,,flood_agr,f_a,D,4,05_00_00_00,5000,5.0,0.0,0.0,0.0
31.0,0&13&14,2,,flood_agr,f_a,D,4,05_00_00_00,5000,5.0,0.0,0.0,0.0
,,3,1.0,flood_agr,f_a,D,4,05_00_00_00,5000,5.0,0.0,0.0,0.0
,,4,1.0,flood_agr,f_a,D,4,05_00_00_00,5000,5.0,0.0,0.0,0.0
59.0,0&13,1,,flood_agr,f_a,D,5,05_00_00_00,5000,5.0,0.0,0.0,0.0
74.0,0&13&14,2,,flood_agr,f_a,D,5,05_00_00_00,5000,5.0,0.0,0.0,0.0
,,3,1.0,flood_agr,f_a,D,5,05_00_00_00,5000,5.0,0.0,0.0,0.0
,,4,1.0,flood_agr,f_a,D,5,05_00_00_00,5000,5.0,0.0,0.0,0.0
81.0,0&13,1,,flood_agr,f_a,D,6,05_00_00_00,5000,5.0,0.0,0.0,0.0
,,2,1.0,flood_agr,f_a,D,6,05_00_00_00,5000,5.0,0.0,0.0,0.0
,,3,1.0,flood_agr,f_a,D,6,05_00_00_00,5000,5.0,0.0,0.0,0.0
,,4,1.0,flood_agr,f_a,D,6,05_00_00_00,5000,5.0,0.0,0.0,0.0
45.0,0&13,1,,flood_agr,f_a,D,7,05_00_00_00,5000,5.0,0.0,0.0,0.0
,,2,1.0,flood_agr,f_a,D,7,05_00_00_00,5000,5.0,0.0,0.0,0.0
,,3,1.0,flood_agr,f_a,D,7,05_00_00_00,5000,5.0,0.0,0.0,0.0
,,4,1.0,flood_agr,f_a,D,7,05_00_00_00,5000,5.0,0.0,0.0,0.0
16.0,0&13,1,,flood_agr,f_a,D,8,05_00_00_00,5000,5.0,0.0,0.0,0.0
57.0,0&13&14,2,,flood_agr,f_a,D,8,05_00_00_00,5000,5.0,0.0,0.0,0.0
,,3,1.0,flood_agr,f_a,D,8,05_00_00_00,5000,5.0,0.0,0.0,0.0
,,4,1.0,flood_agr,f_a,D,8,05_00_00_00,5000,5.0,0.0,0.0,0.0
26.0,0&13,1,,flood_agr,f_a,D,9,05_00_00_00,5000,5.0,0.0,0.0,0.0
47.0,0&13&14,2,,flood_agr,f_a,D,9,05_00_00_00,5000,5.0,0.0,0.0,0.0
,,3,1.0,flood_agr,f_a,D,9,05_00_00_00,5000,5.0,0.0,0.0,0.0
,,4,1.0,flood_agr,f_a,D,9,05_00_00_00,5000,5.0,0.0,0.0,0.0
84.0,0&13,1,,flood_agr,f_a,D,10,05_00_00_00,5000,5.0,0.0,0.0,0.0
,,2,1.0,flood_agr,f_a,D,10,05_00_00_00,5000,5.0,0.0,0.0,0.0
,,3,1.0,flood_agr,f_a,D,10,05_00_00_00,5000,5.0,0.0,0.0,0.0
,,4,1.0,flood_agr,f_a,D,10,05_00_00_00,5000,5.0,0.0,0.0,0.0
38.0,0&13,1,,flood_agr,f_a,G,1,05_00_00_00,5000,5.0,0.0,0.0,0.0
48.0,0&13&14,2,,flood_agr,f_a,G,1,05_00_00_00,5000,5.0,0.0,0.0,0.0
,,3,1.0,flood_agr,f_a,G,1,05_00_00_00,5000,5.0,0.0,0.0,0.0
,,4,1.0,flood_agr,f_a,G,1,05_00_00_00,5000,5.0,0.0,0.0,0.0
11.0,0&13,1,,flood_agr,f_a,G,2,05_00_00_00,5000,5.0,0.0,0.0,0.0
45.0,0&13&14,2,,flood_agr,f_a,G,2,05_00_00_00,5000,5.0,0.0,0.0,0.0
59.0,0&13&14&10,3,,flood_agr,f_a,G,2,05_00_00_00,5000,5.0,0.0,0.0,0.0
,,4,1.0,flood_agr,f_a,G,2,05_00_00_00,5000,5.0,0.0,0.0,0.0
23.0,0&13,1,,flood_agr,f_a,G,3,05_00_00_00,5000,5.0,0.0,0.0,0.0
75.0,0&13&14,2,,flood_agr,f_a,G,3,05_00_00_00,5000,5.0,0.0,0.0,0.0
,,3,1.0,flood_agr,f_a,G,3,05_00_00_00,5000,5.0,0.0,0.0,0.0
,,4,1.0,flood_agr,f_a,G,3,05_00_00_00,5000,5.0,0.0,0.0,0.0
5.0,0&13,1,,flood_agr,f_a,G,4,05_00_00_00,5000,5.0,0.0,0.0,0.0
31.0,0&13&14,2,,flood_agr,f_a,G,4,05_00_00_00,5000,5.0,0.0,0.0,0.0
,,3,1.0,flood_agr,f_a,G,4,05_00_00_00,5000,5.0,0.0,0.0,0.0
,,4,1.0,flood_agr,f_a,G,4,05_00_00_00,5000,5.0,0.0,0.0,0.0
58.0,0&13,1,,flood_agr,f_a,G,5,05_00_00_00,5000,5.0,0.0,0.0,0.0
74.0,0&13&14,2,,flood_agr,f_a,G,5,05_00_00_00,5000,5.0,0.0,0.0,0.0
,,3,1.0,flood_agr,f_a,G,5,05_00_00_00,5000,5.0,0.0,0.0,0.0
,,4,1.0,flood_agr,f_a,G,5,05_00_00_00,5000,5.0,0.0,0.0,0.0
78.0,0&13,1,,flood_agr,f_a,G,6,05_00_00_00,5000,5.0,0.0,0.0,0.0
88.0,0&13&14,2,,flood_agr,f_a,G,6,05_00_00_00,5000,5.0,0.0,0.0,0.0
,,3,1.0,flood_agr,f_a,G,6,05_00_00_00,5000,5.0,0.0,0.0,0.0
,,4,1.0,flood_agr,f_a,G,6,05_00_00_00,5000,5.0,0.0,0.0,0.0
45.0,0&13,1,,flood_agr,f_a,G,7,05_00_00_00,5000,5.0,0.0,0.0,0.0
,,2,1.0,flood_agr,f_a,G,7,05_00_00_00,5000,5.0,0.0,0.0,0.0
,,3,1.0,flood_agr,f_a,G,7,05_00_00_00,5000,5.0,0.0,0.0,0.0
,,4,1.0,flood_agr,f_a,G,7,05_00_00_00,5000,5.0,0.0,0.0,0.0
16.0,0&13,1,,flood_agr,f_a,G,8,05_00_00_00,5000,5.0,0.0,0.0,0.0
57.0,0&13&14,2,,flood_agr,f_a,G,8,05_00_00_00,5000,5.0,0.0,0.0,0.0
,,3,1.0,flood_agr,f_a,G,8,05_00_00_00,5000,5.0,0.0,0.0,0.0
,,4,1.0,flood_agr,f_a,G,8,05_00_00_00,5000,5.0,0.0,0.0,0.0
26.0,0&13,1,,flood_agr,f_a,G,9,05_00_00_00,5000,5.0,0.0,0.0,0.0
47.0,0&13&14,2,,flood_agr,f_a,G,9,05_00_00_00,5000,5.0,0.0,0.0,0.0
,,3,1.0,flood_agr,f_a,G,9,05_00_00_00,5000,5.0,0.0,0.0,0.0
,,4,1.0,flood_agr,f_a,G,9,05_00_00_00,5000,5.0,0.0,0.0,0.0
84.0,0&13,1,,flood_agr,f_a,G,10,05_00_00_00,5000,5.0,0.0,0.0,0.0
94.0,0&13&14,2,,flood_agr,f_a,G,10,05_00_00_00,5000,5.0,0.0,0.0,0.0
,,3,1.0,flood_agr,f_a,G,10,05_00_00_00,5000,5.0,0.0,0.0,0.0
,,4,1.0,flood_agr,f_a,G,10,05_00_00_00,5000,5.0,0.0,0.0,0.0
38.0,0&13,1,,flood_agr,f_a,Wp,1,05_00_00_00,5000,5.0,0.0,0.0,0.0
48.0,0&13&14,2,,flood_agr,f_a,Wp,1,05_00_00_00,5000,5.0,0.0,0.0,0.0
,,3,1.0,flood_agr,f_a,Wp,1,05_00_00_00,5000,5.0,0.0,0.0,0.0
,,4,1.0,flood_agr,f_a,Wp,1,05_00_00_00,5000,5.0,0.0,0.0,0.0
11.0,0&13,1,,flood_agr,f_a,Wp,2,05_00_00_00,5000,5.0,0.0,0.0,0.0
45.0,0&13&14,2,,flood_agr,f_a,Wp,2,05_00_00_00,5000,5.0,0.0,0.0,0.0
59.0,0&13&14&10,3,,flood_agr,f_a,Wp,2,05_00_00_00,5000,5.0,0.0,0.0,0.0
,,4,1.0,flood_agr,f_a,Wp,2,05_00_00_00,5000,5.0,0.0,0.0,0.0
23.0,0&13,1,,flood_agr,f_a,Wp,3,05_00_00_00,5000,5.0,0.0,0.0,0.0
49.0,0&13&14,2,,flood_agr,f_a,Wp,3,05_00_00_00,5000,5.0,0.0,0.0,0.0
,,3,1.0,flood_agr,f_a,Wp,3,05_00_00_00,5000,5.0,0.0,0.0,0.0
,,4,1.0,flood_agr,f_a,Wp,3,05_00_00_00,5000,5.0,0.0,0.0,0.0
5.0,0&13,1,,flood_agr,f_a,Wp,4,05_00_00_00,5000,5.0,0.0,0.0,0.0
19.0,0&13&14,2,,flood_agr,f_a,Wp,4,05_00_00_00,5000,5.0,0.0,0.0,0.0
,,3,1.0,flood_agr,f_a,Wp,4,05_00_00_00,5000,5.0,0.0,0.0,0.0
,,4,1.0,flood_agr,f_a,Wp,4,05_00_00_00,5000,5.0,0.0,0.0,0.0
53.0,0&13,1,,flood_agr,f_a,Wp,5,05_00_00_00,5000,5.0,0.0,0.0,0.0
63.0,0&13&14,2,,flood_agr,f_a,Wp,5,05_00_00_00,5000,5.0,0.0,0.0,0.0
74.0,0&13&14&10,3,,flood_agr,f_a,Wp,5,05_00_00_00,5000,5.0,0.0,0.0,0.0
,,4,1.0,flood_agr,f_a,Wp,5,05_00_00_00,5000,5.0,0.0,0.0,0.0
32.0,0&13,1,,flood_agr,f_a,Wp,6,05_00_00_00,5000,5.0,0.0,0.0,0.0
78.0,0&13&14,2,,flood_agr,f_a,Wp,6,05_00_00_00,5000,5.0,0.0,0.0,0.0
88.0,0&13&14&10,3,,flood_agr,f_a,Wp,6,05_00_00_00,5000,5.0,0.0,0.0,0.0
,,4,1.0,flood_agr,f_a,Wp,6,05_00_00_00,5000,5.0,0.0,0.0,0.0
45.0,0&13,1,,flood_agr,f_a,Wp,7,05_00_00_00,5000,5.0,0.0,0.0,0.0
60.0,0&13&14,2,,flood_agr,f_a,Wp,7,05_00_00_00,5000,5.0,0.0,0.0,0.0
,,3,1.0,flood_agr,f_a,Wp,7,05_00_00_00,5000,5.0,0.0,0.0,0.0
,,4,1.0,flood_agr,f_a,Wp,7,05_00_00_00,5000,5.0,0.0,0.0,0.0
16.0,0&13,1,,flood_agr,f_a,Wp,8,05_00_00_00,5000,5.0,0.0,0.0,0.0
57.0,0&13&14,2,,flood_agr,f_a,Wp,8,05_00_00_00,5000,5.0,0.0,0.0,0.0
84.0,0&13&14&10,3,,flood_agr,f_a,Wp,8,05_00_00_00,5000,5.0,0.0,0.0,0.0
,,4,1.0,flood_agr,f_a,Wp,8,05_00_00_00,5000,5.0,0.0,0.0,0.0
26.0,0&13,1,,flood_agr,f_a,Wp,9,05_00_00_00,5000,5.0,0.0,0.0,0.0
47.0,0&13&14,2,,flood_agr,f_a,Wp,9,05_00_00_00,5000,5.0,0.0,0.0,0.0
,,3,1.0,flood_agr,f_a,Wp,9,05_00_00_00,5000,5.0,0.0,0.0,0.0
,,4,1.0,flood_agr,f_a,Wp,9,05_00_00_00,5000,5.0,0.0,0.0,0.0
56.0,0&13,1,,flood_agr,f_a,Wp,10,05_00_00_00,5000,5.0,0.0,0.0,0.0
69.0,0&13&14,2,,flood_agr,f_a,Wp,10,05_00_00_00,5000,5.0,0.0,0.0,0.0
84.0,0&13&14&10,3,,flood_agr,f_a,Wp,10,05_00_00_00,5000,5.0,0.0,0.0,0.0
,,4,1.0,flood_agr,f_a,Wp,10,05_00_00_00,5000,5.0,0.0,0.0,0.0
38.0,0&13,1,,flood_agr,f_a,D,1,06_00_00_00,5000,6.0,0.0,0.0,0.0
48.0,0&13&10,2,,flood_agr,f_a,D,1,06_00_00_00,5000,6.0,0.0,0.0,0.0
,,3,1.0,flood_agr,f_a,D,1,06_00_00_00,5000,6.0,0.0,0.0,0.0
,,4,1.0,flood_agr,f_a,D,1,06_00_00_00,5000,6.0,0.0,0.0,0.0
14.0,0&13,1,,flood_agr,f_a,D,2,06_00_00_00,5000,6.0,0.0,0.0,0.0
59.0,0&13&10,2,,flood_agr,f_a,D,2,06_00_00_00,5000,6.0,0.0,0.0,0.0
,,3,1.0,flood_agr,f_a,D,2,06_00_00_00,5000,6.0,0.0,0.0,0.0
,,4,1.0,flood_agr,f_a,D,2,06_00_00_00,5000,6.0,0.0,0.0,0.0
23.0,0&13,1,,flood_agr,f_a,D,3,06_00_00_00,5000,6.0,0.0,0.0,0.0
,,2,1.0,flood_agr,f_a,D,3,06_00_00_00,5000,6.0,0.0,0.0,0.0
,,3,1.0,flood_agr,f_a,D,3,06_00_00_00,5000,6.0,0.0,0.0,0.0
,,4,1.0,flood_agr,f_a,D,3,06_00_00_00,5000,6.0,0.0,0.0,0.0
19.0,0&13,1,,flood_agr,f_a,D,4,06_00_00_00,5000,6.0,0.0,0.0,0.0
31.0,0&13&10,2,,flood_agr,f_a,D,4,06_00_00_00,5000,6.0,0.0,0.0,0.0
,,3,1.0,flood_agr,f_a,D,4,06_00_00_00,5000,6.0,0.0,0.0,0.0
,,4,1.0,flood_agr,f_a,D,4,06_00_00_00,5000,6.0,0.0,0.0,0.0
59.0,0&13,1,,flood_agr,f_a,D,5,06_00_00_00,5000,6.0,0.0,0.0,0.0
74.0,0&13&10,2,,flood_agr,f_a,D,5,06_00_00_00,5000,6.0,0.0,0.0,0.0
,,3,1.0,flood_agr,f_a,D,5,06_00_00_00,5000,6.0,0.0,0.0,0.0
,,4,1.0,flood_agr,f_a,D,5,06_00_00_00,5000,6.0,0.0,0.0,0.0
81.0,0&13,1,,flood_agr,f_a,D,6,06_00_00_00,5000,6.0,0.0,0.0,0.0
,,2,1.0,flood_agr,f_a,D,6,06_00_00_00,5000,6.0,0.0,0.0,0.0
,,3,1.0,flood_agr,f_a,D,6,06_00_00_00,5000,6.0,0.0,0.0,0.0
,,4,1.0,flood_agr,f_a,D,6,06_00_00_00,5000,6.0,0.0,0.0,0.0
45.0,0&13,1,,flood_agr,f_a,D,7,06_00_00_00,5000,6.0,0.0,0.0,0.0
,,2,1.0,flood_agr,f_a,D,7,06_00_00_00,5000,6.0,0.0,0.0,0.0
,,3,1.0,flood_agr,f_a,D,7,06_00_00_00,5000,6.0,0.0,0.0,0.0
,,4,1.0,flood_agr,f_a,D,7,06_00_00_00,5000,6.0,0.0,0.0,0.0
16.0,0&13,1,,flood_agr,f_a,D,8,06_00_00_00,5000,6.0,0.0,0.0,0.0
57.0,0&13&10,2,,flood_agr,f_a,D,8,06_00_00_00,5000,6.0,0.0,0.0,0.0
,,3,1.0,flood_agr,f_a,D,8,06_00_00_00,5000,6.0,0.0,0.0,0.0
,,4,1.0,flood_agr,f_a,D,8,06_00_00_00,5000,6.0,0.0,0.0,0.0
26.0,0&13,1,,flood_agr,f_a,D,9,06_00_00_00,5000,6.0,0.0,0.0,0.0
47.0,0&13&10,2,,flood_agr,f_a,D,9,06_00_00_00,5000,6.0,0.0,0.0,0.0
,,3,1.0,flood_agr,f_a,D,9,06_00_00_00,5000,6.0,0.0,0.0,0.0
,,4,1.0,flood_agr,f_a,D,9,06_00_00_00,5000,6.0,0.0,0.0,0.0
84.0,0&13,1,,flood_agr,f_a,D,10,06_00_00_00,5000,6.0,0.0,0.0,0.0
,,2,1.0,flood_agr,f_a,D,10,06_00_00_00,5000,6.0,0.0,0.0,0.0
,,3,1.0,flood_agr,f_a,D,10,06_00_00_00,5000,6.0,0.0,0.0,0.0
,,4,1.0,flood_agr,f_a,D,10,06_00_00_00,5000,6.0,0.0,0.0,0.0
38.0,0&13,1,,flood_agr,f_a,G,1,06_00_00_00,5000,6.0,0.0,0.0,0.0
48.0,0&13&10,2,,flood_agr,f_a,G,1,06_00_00_00,5000,6.0,0.0,0.0,0.0
,,3,1.0,flood_agr,f_a,G,1,06_00_00_00,5000,6.0,0.0,0.0,0.0
,,4,1.0,flood_agr,f_a,G,1,06_00_00_00,5000,6.0,0.0,0.0,0.0
11.0,0&13,1,,flood_agr,f_a,G,2,06_00_00_00,5000,6.0,0.0,0.0,0.0
45.0,0&13&10,2,,flood_agr,f_a,G,2,06_00_00_00,5000,6.0,0.0,0.0,0.0
59.0,0&13&10&11,3,,flood_agr,f_a,G,2,06_00_00_00,5000,6.0,0.0,0.0,0.0
,,4,1.0,flood_agr,f_a,G,2,06_00_00_00,5000,6.0,0.0,0.0,0.0
,,3,1.0,flood_agr,f_a,G,3,06_00_00_00,5000,6.0,0.0,0.0,0.0
,,4,1.0,flood_agr,f_a,G,3,06_00_00_00,5000,6.0,0.0,0.0,0.0
5.0,0&13,1,,flood_agr,f_a,G,4,06_00_00_00,5000,6.0,0.0,0.0,0.0
31.0,0&13&10,2,,flood_agr,f_a,G,4,06_00_00_00,5000,6.0,0.0,0.0,0.0
,,3,1.0,flood_agr,f_a,G,4,06_00_00_00,5000,6.0,0.0,0.0,0.0
,,4,1.0,flood_agr,f_a,G,4,06_00_00_00,5000,6.0,0.0,0.0,0.0
58.0,0&13,1,,flood_agr,f_a,G,5,06_00_00_00,5000,6.0,0.0,0.0,0.0
74.0,0&13&10,2,,flood_agr,f_a,G,5,06_00_00_00,5000,6.0,0.0,0.0,0.0
,,3,1.0,flood_agr,f_a,G,5,06_00_00_00,5000,6.0,0.0,0.0,0.0
,,4,1.0,flood_agr,f_a,G,5,06_00_00_00,5000,6.0,0.0,0.0,0.0
78.0,0&13,1,,flood_agr,f_a,G,6,06_00_00_00,5000,6.0,0.0,0.0,0.0
88.0,0&13&10,2,,flood_agr,f_a,G,6,06_00_00_00,5000,6.0,0.0,0.0,0.0
,,3,1.0,flood_agr,f_a,G,6,06_00_00_00,5000,6.0,0.0,0.0,0.0
,,4,1.0,flood_agr,f_a,G,6,06_00_00_00,5000,6.0,0.0,0.0,0.0
45.0,0&13,1,,flood_agr,f_a,G,7,06_00_00_00,5000,6.0,0.0,0.0,0.0
,,2,1.0,flood_agr,f_a,G,7,06_00_00_00,5000,6.0,0.0,0.0,0.0
,,3,1.0,flood_agr,f_a,G,7,06_00_00_00,5000,6.0,0.0,0.0,0.0
,,4,1.0,flood_agr,f_a,G,7,06_00_00_00,5000,6.0,0.0,0.0,0.0
16.0,0&13,1,,flood_agr,f_a,G,8,06_00_00_00,5000,6.0,0.0,0.0,0.0
57.0,0&13&10,2,,flood_agr,f_a,G,8,06_00_00_00,5000,6.0,0.0,0.0,0.0
,,3,1.0,flood_agr,f_a,G,8,06_00_00_00,5000,6.0,0.0,0.0,0.0
,,4,1.0,flood_agr,f_a,G,8,06_00_00_00,5000,6.0,0.0,0.0,0.0
26.0,0&13,1,,flood_agr,f_a,G,9,06_00_00_00,5000,6.0,0.0,0.0,0.0
47.0,0&13&10,2,,flood_agr,f_a,G,9,06_00_00_00,5000,6.0,0.0,0.0,0.0
,,3,1.0,flood_agr,f_a,G,9,06_00_00_00,5000,6.0,0.0,0.0,0.0
,,4,1.0,flood_agr,f_a,G,9,06_00_00_00,5000,6.0,0.0,0.0,0.0
84.0,0&13,1,,flood_agr,f_a,G,10,06_00_00_00,5000,6.0,0.0,0.0,0.0
94.0,0&13&10,2,,flood_agr,f_a,G,10,06_00_00_00,5000,6.0,0.0,0.0,0.0
,,3,1.0,flood_agr,f_a,G,10,06_00_00_00,5000,6.0,0.0,0.0,0.0
,,4,1.0,flood_agr,f_a,G,10,06_00_00_00,5000,6.0,0.0,0.0,0.0
38.0,0&13,1,,flood_agr,f_a,Wp,1,06_00_00_00,5000,6.0,0.0,0.0,0.0
48.0,0&13&10,2,,flood_agr,f_a,Wp,1,06_00_00_00,5000,6.0,0.0,0.0,0.0
,,3,1.0,flood_agr,f_a,Wp,1,06_00_00_00,5000,6.0,0.0,0.0,0.0
,,4,1.0,flood_agr,f_a,Wp,1,06_00_00_00,5000,6.0,0.0,0.0,0.0
11.0,0&13,1,,flood_agr,f_a,Wp,2,06_00_00_00,5000,6.0,0.0,0.0,0.0
45.0,0&13&10,2,,flood_agr,f_a,Wp,2,06_00_00_00,5000,6.0,0.0,0.0,0.0
59.0,0&13&10&11,3,,flood_agr,f_a,Wp,2,06_00_00_00,5000,6.0,0.0,0.0,0.0
95.0,0&13&10&11&14,4,,flood_agr,f_a,Wp,2,06_00_00_00,5000,6.0,0.0,0.0,0.0
23.0,0&13,1,,flood_agr,f_a,Wp,3,06_00_00_00,5000,6.0,0.0,0.0,0.0
49.0,0&13&10,2,,flood_agr,f_a,Wp,3,06_00_00_00,5000,6.0,0.0,0.0,0.0
75.0,0&13&10&11,3,,flood_agr,f_a,Wp,3,06_00_00_00,5000,6.0,0.0,0.0,0.0
85.0,0&13&10&11&14,4,,flood_agr,f_a,Wp,3,06_00_00_00,5000,6.0,0.0,0.0,0.0
5.0,0&13,1,,flood_agr,f_a,Wp,4,06_00_00_00,5000,6.0,0.0,0.0,0.0
19.0,0&13&10,2,,flood_agr,f_a,Wp,4,06_00_00_00,5000,6.0,0.0,0.0,0.0
31.0,0&13&10&11,3,,flood_agr,f_a,Wp,4,06_00_00_00,5000,6.0,0.0,0.0,0.0
,,4,1.0,flood_agr,f_a,Wp,4,06_00_00_00,5000,6.0,0.0,0.0,0.0
53.0,0&13,1,,flood_agr,f_a,Wp,5,06_00_00_00,5000,6.0,0.0,0.0,0.0
63.0,0&13&10,2,,flood_agr,f_a,Wp,5,06_00_00_00,5000,6.0,0.0,0.0,0.0
74.0,0&13&10&11,3,,flood_agr,f_a,Wp,5,06_00_00_00,5000,6.0,0.0,0.0,0.0
,,4,1.0,flood_agr,f_a,Wp,5,06_00_00_00,5000,6.0,0.0,0.0,0.0
32.0,0&13,1,,flood_agr,f_a,Wp,6,06_00_00_00,5000,6.0,0.0,0.0,0.0
78.0,0&13&10,2,,flood_agr,f_a,Wp,6,06_00_00_00,5000,6.0,0.0,0.0,0.0
88.0,0&13&10&11,3,,flood_agr,f_a,Wp,6,06_00_00_00,5000,6.0,0.0,0.0,0.0
,,4,1.0,flood_agr,f_a,Wp,6,06_00_00_00,5000,6.0,0.0,0.0,0.0
,,4,1.0,flood_agr,f_a,Wp,7,06_00_00_00,5000,6.0,0.0,0.0,0.0
16.0,0&13,1,,flood_agr,f_a,Wp,8,06_00_00_00,5000,6.0,0.0,0.0,0.0
57.0,0&13&10,2,,flood_agr,f_a,Wp,8,06_00_00_00,5000,6.0,0.0,0.0,0.0
84.0,0&13&10&11,3,,flood_agr,f_a,Wp,8,06_00_00_00,5000,6.0,0.0,0.0,0.0
94.0,0&13&10&11&14,4,,flood_agr,f_a,Wp,8,06_00_00_00,5000,6.0,0.0,0.0,0.0
26.0,0&13,1,,flood_agr,f_a,Wp,9,06_00_00_00,5000,6.0,0.0,0.0,0.0
47.0,0&13&10,2,,flood_agr,f_a,Wp,9,06_00_00_00,5000,6.0,0.0,0.0,0.0
62.0,0&13&10&11,3,,flood_agr,f_a,Wp,9,06_00_00_00,5000,6.0,0.0,0.0,0.0
,,4,1.0,flood_agr,f_a,Wp,9,06_00_00_00,5000,6.0,0.0,0.0,0.0
56.0,0&13,1,,flood_agr,f_a,Wp,10,06_00_00_00,5000,6.0,0.0,0.0,0.0
69.0,0&13&10,2,,flood_agr,f_a,Wp,10,06_00_00_00,5000,6.0,0.0,0.0,0.0
84.0,0&13&10&11,3,,flood_agr,f_a,Wp,10,06_00_00_00,5000,6.0,0.0,0.0,0.0
94.0,0&13&10&11&14,4,,flood_agr,f_a,Wp,10,06_00_00_00,5000,6.0,0.0,0.0,0.0
38.0,0&14,1,,flood_agr,f_a,D,1,07_00_00_00,5000,7.0,0.0,0.0,0.0
48.0,0&14&10,2,,flood_agr,f_a,D,1,07_00_00_00,5000,7.0,0.0,0.0,0.0
,,3,1.0,flood_agr,f_a,D,1,07_00_00_00,5000,7.0,0.0,0.0,0.0
,,4,1.0,flood_agr,f_a,D,1,07_00_00_00,5000,7.0,0.0,0.0,0.0
14.0,0&14,1,,flood_agr,f_a,D,2,07_00_00_00,5000,7.0,0.0,0.0,0.0
59.0,0&14&10,2,,flood_agr,f_a,D,2,07_00_00_00,5000,7.0,0.0,0.0,0.0
,,3,1.0,flood_agr,f_a,D,2,07_00_00_00,5000,7.0,0.0,0.0,0.0
,,4,1.0,flood_agr,f_a,D,2,07_00_00_00,5000,7.0,0.0,0.0,0.0
23.0,0&14,1,,flood_agr,f_a,D,3,07_00_00_00,5000,7.0,0.0,0.0,0.0
,,2,1.0,flood_agr,f_a,D,3,07_00_00_00,5000,7.0,0.0,0.0,0.0
,,3,1.0,flood_agr,f_a,D,3,07_00_00_00,5000,7.0,0.0,0.0,0.0
,,4,1.0,flood_agr,f_a,D,3,07_00_00_00,5000,7.0,0.0,0.0,0.0
19.0,0&14,1,,flood_agr,f_a,D,4,07_00_00_00,5000,7.0,0.0,0.0,0.0
,,2,1.0,flood_agr,f_a,D,4,07_00_00_00,5000,7.0,0.0,0.0,0.0
,,3,1.0,flood_agr,f_a,D,4,07_00_00_00,5000,7.0,0.0,0.0,0.0
,,4,1.0,flood_agr,f_a,D,4,07_00_00_00,5000,7.0,0.0,0.0,0.0
59.0,0&14,1,,flood_agr,f_a,D,5,07_00_00_00,5000,7.0,0.0,0.0,0.0
,,2,1.0,flood_agr,f_a,D,5,07_00_00_00,5000,7.0,0.0,0.0,0.0
,,3,1.0,flood_agr,f_a,D,5,07_00_00_00,5000,7.0,0.0,0.0,0.0
,,4,1.0,flood_agr,f_a,D,5,07_00_00_00,5000,7.0,0.0,0.0,0.0
81.0,0&14,1,,flood_agr,f_a,D,6,07_00_00_00,5000,7.0,0.0,0.0,0.0
,,2,1.0,flood_agr,f_a,D,6,07_00_00_00,5000,7.0,0.0,0.0,0.0
,,3,1.0,flood_agr,f_a,D,6,07_00_00_00,5000,7.0,0.0,0.0,0.0
,,4,1.0,flood_agr,f_a,D,6,07_00_00_00,5000,7.0,0.0,0.0,0.0
45.0,0&14,1,,flood_agr,f_a,D,7,07_00_00_00,5000,7.0,0.0,0.0,0.0
,,2,1.0,flood_agr,f_a,D,7,07_00_00_00,5000,7.0,0.0,0.0,0.0
,,3,1.0,flood_agr,f_a,D,7,07_00_00_00,5000,7.0,0.0,0.0,0.0
,,4,1.0,flood_agr,f_a,D,7,07_00_00_00,5000,7.0,0.0,0.0,0.0
16.0,0&14,1,,flood_agr,f_a,D,8,07_00_00_00,5000,7.0,0.0,0.0,0.0
57.0,0&14&10,2,,flood_agr,f_a,D,8,07_00_00_00,5000,7.0,0.0,0.0,0.0
,,3,1.0,flood_agr,f_a,D,8,07_00_00_00,5000,7.0,0.0,0.0,0.0
,,4,1.0,flood_agr,f_a,D,8,07_00_00_00,5000,7.0,0.0,0.0,0.0
26.0,0&14,1,,flood_agr,f_a,D,9,07_00_00_00,5000,7.0,0.0,0.0,0.0
,,2,1.0,flood_agr,f_a,D,9,07_00_00_00,5000,7.0,0.0,0.0,0.0
,,3,1.0,flood_agr,f_a,D,9,07_00_00_00,5000,7.0,0.0,0.0,0.0
,,4,1.0,flood_agr,f_a,D,9,07_00_00_00,5000,7.0,0.0,0.0,0.0
84.0,0&14,1,,flood_agr,f_a,D,10,07_00_00_00,5000,7.0,0.0,0.0,0.0
,,2,1.0,flood_agr,f_a,D,10,07_00_00_00,5000,7.0,0.0,0.0,0.0
,,3,1.0,flood_agr,f_a,D,10,07_00_00_00,5000,7.0,0.0,0.0,0.0
,,4,1.0,flood_agr,f_a,D,10,07_00_00_00,5000,7.0,0.0,0.0,0.0
38.0,0&14,1,,flood_agr,f_a,G,1,07_00_00_00,5000,7.0,0.0,0.0,0.0
48.0,0&14&10,2,,flood_agr,f_a,G,1,07_00_00_00,5000,7.0,0.0,0.0,0.0
,,3,1.0,flood_agr,f_a,G,1,07_00_00_00,5000,7.0,0.0,0.0,0.0
,,4,1.0,flood_agr,f_a,G,1,07_00_00_00,5000,7.0,0.0,0.0,0.0
11.0,0&14,1,,flood_agr,f_a,G,2,07_00_00_00,5000,7.0,0.0,0.0,0.0
59.0,0&14&10,2,,flood_agr,f_a,G,2,07_00_00_00,5000,7.0,0.0,0.0,0.0
,,3,1.0,flood_agr,f_a,G,2,07_00_00_00,5000,7.0,0.0,0.0,0.0
,,4,1.0,flood_agr,f_a,G,2,07_00_00_00,5000,7.0,0.0,0.0,0.0
23.0,0&14,1,,flood_agr,f_a,G,3,07_00_00_00,5000,7.0,0.0,0.0,0.0
,,2,1.0,flood_agr,f_a,G,3,07_00_00_00,5000,7.0,0.0,0.0,0.0
,,3,1.0,flood_agr,f_a,G,3,07_00_00_00,5000,7.0,0.0,0.0,0.0
,,4,1.0,flood_agr,f_a,G,3,07_00_00_00,5000,7.0,0.0,0.0,0.0
5.0,0&14,1,,flood_agr,f_a,G,4,07_00_00_00,5000,7.0,0.0,0.0,0.0
,,2,1.0,flood_agr,f_a,G,4,07_00_00_00,5000,7.0,0.0,0.0,0.0
,,3,1.0,flood_agr,f_a,G,4,07_00_00_00,5000,7.0,0.0,0.0,0.0
,,4,1.0,flood_agr,f_a,G,4,07_00_00_00,5000,7.0,0.0,0.0,0.0
58.0,0&14,1,,flood_agr,f_a,G,5,07_00_00_00,5000,7.0,0.0,0.0,0.0
,,2,1.0,flood_agr,f_a,G,5,07_00_00_00,5000,7.0,0.0,0.0,0.0
,,3,1.0,flood_agr,f_a,G,5,07_00_00_00,5000,7.0,0.0,0.0,0.0
,,4,1.0,flood_agr,f_a,G,5,07_00_00_00,5000,7.0,0.0,0.0,0.0
78.0,0&14,1,,flood_agr,f_a,G,6,07_00_00_00,5000,7.0,0.0,0.0,0.0
,,2,1.0,flood_agr,f_a,G,6,07_00_00_00,5000,7.0,0.0,0.0,0.0
,,3,1.0,flood_agr,f_a,G,6,07_00_00_00,5000,7.0,0.0,0.0,0.0
,,4,1.0,flood_agr,f_a,G,6,07_00_00_00,5000,7.0,0.0,0.0,0.0
45.0,0&14,1,,flood_agr,f_a,G,7,07_00_00_00,5000,7.0,0.0,0.0,0.0
,,2,1.0,flood_agr,f_a,G,7,07_00_00_00,5000,7.0,0.0,0.0,0.0
,,3,1.0,flood_agr,f_a,G,7,07_00_00_00,5000,7.0,0.0,0.0,0.0
,,4,1.0,flood_agr,f_a,G,7,07_00_00_00,5000,7.0,0.0,0.0,0.0
16.0,0&14,1,,flood_agr,f_a,G,8,07_00_00_00,5000,7.0,0.0,0.0,0.0
57.0,0&14&10,2,,flood_agr,f_a,G,8,07_00_00_00,5000,7.0,0.0,0.0,0.0
,,3,1.0,flood_agr,f_a,G,8,07_00_00_00,5000,7.0,0.0,0.0,0.0
,,4,1.0,flood_agr,f_a,G,8,07_00_00_00,5000,7.0,0.0,0.0,0.0
26.0,0&14,1,,flood_agr,f_a,G,9,07_00_00_00,5000,7.0,0.0,0.0,0.0
,,2,1.0,flood_agr,f_a,G,9,07_00_00_00,5000,7.0,0.0,0.0,0.0
,,3,1.0,flood_agr,f_a,G,9,07_00_00_00,5000,7.0,0.0,0.0,0.0
,,4,1.0,flood_agr,f_a,G,9,07_00_00_00,5000,7.0,0.0,0.0,0.0
84.0,0&14,1,,flood_agr,f_a,G,10,07_00_00_00,5000,7.0,0.0,0.0,0.0
,,2,1.0,flood_agr,f_a,G,10,07_00_00_00,5000,7.0,0.0,0.0,0.0
,,3,1.0,flood_agr,f_a,G,10,07_00_00_00,5000,7.0,0.0,0.0,0.0
,,4,1.0,flood_agr,f_a,G,10,07_00_00_00,5000,7.0,0.0,0.0,0.0
38.0,0&14,1,,flood_agr,f_a,Wp,1,07_00_00_00,5000,7.0,0.0,0.0,0.0
48.0,0&14&10,2,,flood_agr,f_a,Wp,1,07_00_00_00,5000,7.0,0.0,0.0,0.0
,,3,1.0,flood_agr,f_a,Wp,1,07_00_00_00,5000,7.0,0.0,0.0,0.0
,,4,1.0,flood_agr,f_a,Wp,1,07_00_00_00,5000,7.0,0.0,0.0,0.0
11.0,0&14,1,,flood_agr,f_a,Wp,2,07_00_00_00,5000,7.0,0.0,0.0,0.0
59.0,0&14&10,2,,flood_agr,f_a,Wp,2,07_00_00_00,5000,7.0,0.0,0.0,0.0
95.0,0&14&10&13,3,,flood_agr,f_a,Wp,2,07_00_00_00,5000,7.0,0.0,0.0,0.0
,,4,1.0,flood_agr,f_a,Wp,2,07_00_00_00,5000,7.0,0.0,0.0,0.0
,,3,1.0,flood_agr,f_a,Wp,3,07_00_00_00,5000,7.0,0.0,0.0,0.0
,,4,1.0,flood_agr,f_a,Wp,3,07_00_00_00,5000,7.0,0.0,0.0,0.0
5.0,0&14,1,,flood_agr,f_a,Wp,4,07_00_00_00,5000,7.0,0.0,0.0,0.0
31.0,0&14&10,2,,flood_agr,f_a,Wp,4,07_00_00_00,5000,7.0,0.0,0.0,0.0
,,3,1.0,flood_agr,f_a,Wp,4,07_00_00_00,5000,7.0,0.0,0.0,0.0
,,4,1.0,flood_agr,f_a,Wp,4,07_00_00_00,5000,7.0,0.0,0.0,0.0
53.0,0&14,1,,flood_agr,f_a,Wp,5,07_00_00_00,5000,7.0,0.0,0.0,0.0
74.0,0&14&10,2,,flood_agr,f_a,Wp,5,07_00_00_00,5000,7.0,0.0,0.0,0.0
,,3,1.0,flood_agr,f_a,Wp,5,07_00_00_00,5000,7.0,0.0,0.0,0.0
,,4,1.0,flood_agr,f_a,Wp,5,07_00_00_00,5000,7.0,0.0,0.0,0.0
32.0,0&14,1,,flood_agr,f_a,Wp,6,07_00_00_00,5000,7.0,0.0,0.0,0.0
81.0,0&14&10,2,,flood_agr,f_a,Wp,6,07_00_00_00,5000,7.0,0.0,0.0,0.0
91.0,0&14&10&13,3,,flood_agr,f_a,Wp,6,07_00_00_00,5000,7.0,0.0,0.0,0.0
,,4,1.0,flood_agr,f_a,Wp,6,07_00_00_00,5000,7.0,0.0,0.0,0.0
45.0,0&14,1,,flood_agr,f_a,Wp,7,07_00_00_00,5000,7.0,0.0,0.0,0.0
,,2,1.0,flood_agr,f_a,Wp,7,07_00_00_00,5000,7.0,0.0,0.0,0.0
,,3,1.0,flood_agr,f_a,Wp,7,07_00_00_00,5000,7.0,0.0,0.0,0.0
,,4,1.0,flood_agr,f_a,Wp,7,07_00_00_00,5000,7.0,0.0,0.0,0.0
16.0,0&14,1,,flood_agr,f_a,Wp,8,07_00_00_00,5000,7.0,0.0,0.0,0.0
57.0,0&14&10,2,,flood_agr,f_a,Wp,8,07_00_00_00,5000,7.0,0.0,0.0,0.0
89.0,0&14&10&13,3,,flood_agr,f_a,Wp,8,07_00_00_00,5000,7.0,0.0,0.0,0.0
,,4,1.0,flood_agr,f_a,Wp,8,07_00_00_00,5000,7.0,0.0,0.0,0.0
26.0,0&14,1,,flood_agr,f_a,Wp,9,07_00_00_00,5000,7.0,0.0,0.0,0.0
47.0,0&14&10,2,,flood_agr,f_a,Wp,9,07_00_00_00,5000,7.0,0.0,0.0,0.0
,,3,1.0,flood_agr,f_a,Wp,9,07_00_00_00,5000,7.0,0.0,0.0,0.0
,,4,1.0,flood_agr,f_a,Wp,9,07_00_00_00,5000,7.0,0.0,0.0,0.0
56.0,0&14,1,,flood_agr,f_a,Wp,10,07_00_00_00,5000,7.0,0.0,0.0,0.0
84.0,0&14&10,2,,flood_agr,f_a,Wp,10,07_00_00_00,5000,7.0,0.0,0.0,0.0
,,3,1.0,flood_agr,f_a,Wp,10,07_00_00_00,5000,7.0,0.0,0.0,0.0
,,4,1.0,flood_agr,f_a,Wp,10,07_00_00_00,5000,7.0,0.0,0.0,0.0
38.0,0&14,1,,flood_agr,f_a,D,1,08_00_00_00,5000,8.0,0.0,0.0,0.0
48.0,0&14&11,2,,flood_agr,f_a,D,1,08_00_00_00,5000,8.0,0.0,0.0,0.0
,,3,1.0,flood_agr,f_a,D,1,08_00_00_00,5000,8.0,0.0,0.0,0.0
,,4,1.0,flood_agr,f_a,D,1,08_00_00_00,5000,8.0,0.0,0.0,0.0
14.0,0&14,1,,flood_agr,f_a,D,2,08_00_00_00,5000,8.0,0.0,0.0,0.0
59.0,0&14&11,2,,flood_agr,f_a,D,2,08_00_00_00,5000,8.0,0.0,0.0,0.0
,,3,1.0,flood_agr,f_a,D,2,08_00_00_00,5000,8.0,0.0,0.0,0.0
,,4,1.0,flood_agr,f_a,D,2,08_00_00_00,5000,8.0,0.0,0.0,0.0
23.0,0&14,1,,flood_agr,f_a,D,3,08_00_00_00,5000,8.0,0.0,0.0,0.0
,,2,1.0,flood_agr,f_a,D,3,08_00_00_00,5000,8.0,0.0,0.0,0.0
,,3,1.0,flood_agr,f_a,D,3,08_00_00_00,5000,8.0,0.0,0.0,0.0
,,4,1.0,flood_agr,f_a,D,3,08_00_00_00,5000,8.0,0.0,0.0,0.0
19.0,0&14,1,,flood_agr,f_a,D,4,08_00_00_00,5000,8.0,0.0,0.0,0.0
,,2,1.0,flood_agr,f_a,D,4,08_00_00_00,5000,8.0,0.0,0.0,0.0
,,3,1.0,flood_agr,f_a,D,4,08_00_00_00,5000,8.0,0.0,0.0,0.0
,,4,1.0,flood_agr,f_a,D,4,08_00_00_00,5000,8.0,0.0,0.0,0.0
59.0,0&14,1,,flood_agr,f_a,D,5,08_00_00_00,5000,8.0,0.0,0.0,0.0
,,2,1.0,flood_agr,f_a,D,5,08_00_00_00,5000,8.0,0.0,0.0,0.0
,,3,1.0,flood_agr,f_a,D,5,08_00_00_00,5000,8.0,0.0,0.0,0.0
,,4,1.0,flood_agr,f_a,D,5,08_00_00_00,5000,8.0,0.0,0.0,0.0
81.0,0&14,1,,flood_agr,f_a,D,6,08_00_00_00,5000,8.0,0.0,0.0,0.0
,,2,1.0,flood_agr,f_a,D,6,08_00_00_00,5000,8.0,0.0,0.0,0.0
,,3,1.0,flood_agr,f_a,D,6,08_00_00_00,5000,8.0,0.0,0.0,0.0
,,4,1.0,flood_agr,f_a,D,6,08_00_00_00,5000,8.0,0.0,0.0,0.0
45.0,0&14,1,,flood_agr,f_a,D,7,08_00_00_00,5000,8.0,0.0,0.0,0.0
,,2,1.0,flood_agr,f_a,D,7,08_00_00_00,5000,8.0,0.0,0.0,0.0
,,3,1.0,flood_agr,f_a,D,7,08_00_00_00,5000,8.0,0.0,0.0,0.0
,,4,1.0,flood_agr,f_a,D,7,08_00_00_00,5000,8.0,0.0,0.0,0.0
16.0,0&14,1,,flood_agr,f_a,D,8,08_00_00_00,5000,8.0,0.0,0.0,0.0
57.0,0&14&11,2,,flood_agr,f_a,D,8,08_00_00_00,5000,8.0,0.0,0.0,0.0
,,3,1.0,flood_agr,f_a,D,8,08_00_00_00,5000,8.0,0.0,0.0,0.0
,,4,1.0,flood_agr,f_a,D,8,08_00_00_00,5000,8.0,0.0,0.0,0.0
26.0,0&14,1,,flood_agr,f_a,D,9,08_00_00_00,5000,8.0,0.0,0.0,0.0
,,2,1.0,flood_agr,f_a,D,9,08_00_00_00,5000,8.0,0.0,0.0,0.0
,,3,1.0,flood_agr,f_a,D,9,08_00_00_00,5000,8.0,0.0,0.0,0.0
,,4,1.0,flood_agr,f_a,D,9,08_00_00_00,5000,8.0,0.0,0.0,0.0
84.0,0&14,1,,flood_agr,f_a,D,10,08_00_00_00,5000,8.0,0.0,0.0,0.0
,,2,1.0,flood_agr,f_a,D,10,08_00_00_00,5000,8.0,0.0,0.0,0.0
,,3,1.0,flood_agr,f_a,D,10,08_00_00_00,5000,8.0,0.0,0.0,0.0
,,4,1.0,flood_agr,f_a,D,10,08_00_00_00,5000,8.0,0.0,0.0,0.0
38.0,0&14,1,,flood_agr,f_a,G,1,08_00_00_00,5000,8.0,0.0,0.0,0.0
48.0,0&14&11,2,,flood_agr,f_a,G,1,08_00_00_00,5000,8.0,0.0,0.0,0.0
,,3,1.0,flood_agr,f_a,G,1,08_00_00_00,5000,8.0,0.0,0.0,0.0
,,4,1.0,flood_agr,f_a,G,1,08_00_00_00,5000,8.0,0.0,0.0,0.0
11.0,0&14,1,,flood_agr,f_a,G,2,08_00_00_00,5000,8.0,0.0,0.0,0.0
59.0,0&14&11,2,,flood_agr,f_a,G,2,08_00_00_00,5000,8.0,0.0,0.0,0.0
,,3,1.0,flood_agr,f_a,G,2,08_00_00_00,5000,8.0,0.0,0.0,0.0
,,4,1.0,flood_agr,f_a,G,2,08_00_00_00,5000,8.0,0.0,0.0,0.0
23.0,0&14,1,,flood_agr,f_a,G,3,08_00_00_00,5000,8.0,0.0,0.0,0.0
,,2,1.0,flood_agr,f_a,G,3,08_00_00_00,5000,8.0,0.0,0.0,0.0
,,3,1.0,flood_agr,f_a,G,3,08_00_00_00,5000,8.0,0.0,0.0,0.0
,,4,1.0,flood_agr,f_a,G,3,08_00_00_00,5000,8.0,0.0,0.0,0.0
5.0,0&14,1,,flood_agr,f_a,G,4,08_00_00_00,5000,8.0,0.0,0.0,0.0
,,2,1.0,flood_agr,f_a,G,4,08_00_00_00,5000,8.0,0.0,0.0,0.0
,,3,1.0,flood_agr,f_a,G,4,08_00_00_00,5000,8.0,0.0,0.0,0.0
,,4,1.0,flood_agr,f_a,G,4,08_00_00_00,5000,8.0,0.0,0.0,0.0
58.0,0&14,1,,flood_agr,f_a,G,5,08_00_00_00,5000,8.0,0.0,0.0,0.0
,,2,1.0,flood_agr,f_a,G,5,08_00_00_00,5000,8.0,0.0,0.0,0.0
,,3,1.0,flood_agr,f_a,G,5,08_00_00_00,5000,8.0,0.0,0.0,0.0
,,4,1.0,flood_agr,f_a,G,5,08_00_00_00,5000,8.0,0.0,0.0,0.0
78.0,0&14,1,,flood_agr,f_a,G,6,08_00_00_00,5000,8.0,0.0,0.0,0.0
,,2,1.0,flood_agr,f_a,G,6,08_00_00_00,5000,8.0,0.0,0.0,0.0
,,3,1.0,flood_agr,f_a,G,6,08_00_00_00,5000,8.0,0.0,0.0,0.0
,,4,1.0,flood_agr,f_a,G,6,08_00_00_00,5000,8.0,0.0,0.0,0.0
45.0,0&14,1,,flood_agr,f_a,G,7,08_00_00_00,5000,8.0,0.0,0.0,0.0
,,2,1.0,flood_agr,f_a,G,7,08_00_00_00,5000,8.0,0.0,0.0,0.0
,,3,1.0,flood_agr,f_a,G,7,08_00_00_00,5000,8.0,0.0,0.0,0.0
,,4,1.0,flood_agr,f_a,G,7,08_00_00_00,5000,8.0,0.0,0.0,0.0
16.0,0&14,1,,flood_agr,f_a,G,8,08_00_00_00,5000,8.0,0.0,0.0,0.0
57.0,0&14&11,2,,flood_agr,f_a,G,8,08_00_00_00,5000,8.0,0.0,0.0,0.0
,,3,1.0,flood_agr,f_a,G,8,08_00_00_00,5000,8.0,0.0,0.0,0.0
,,4,1.0,flood_agr,f_a,G,8,08_00_00_00,5000,8.0,0.0,0.0,0.0
26.0,0&14,1,,flood_agr,f_a,G,9,08_00_00_00,5000,8.0,0.0,0.0,0.0
,,2,1.0,flood_agr,f_a,G,9,08_00_00_00,5000,8.0,0.0,0.0,0.0
,,3,1.0,flood_agr,f_a,G,9,08_00_00_00,5000,8.0,0.0,0.0,0.0
,,4,1.0,flood_agr,f_a,G,9,08_00_00_00,5000,8.0,0.0,0.0,0.0
84.0,0&14,1,,flood_agr,f_a,G,10,08_00_00_00,5000,8.0,0.0,0.0,0.0
,,2,1.0,flood_agr,f_a,G,10,08_00_00_00,5000,8.0,0.0,0.0,0.0
,,3,1.0,flood_agr,f_a,G,10,08_00_00_00,5000,8.0,0.0,0.0,0.0
,,4,1.0,flood_agr,f_a,G,10,08_00_00_00,5000,8.0,0.0,0.0,0.0
38.0,0&14,1,,flood_agr,f_a,Wp,1,08_00_00_00,5000,8.0,0.0,0.0,0.0
48.0,0&14&11,2,,flood_agr,f_a,Wp,1,08_00_00_00,5000,8.0,0.0,0.0,0.0
,,3,1.0,flood_agr,f_a,Wp,1,08_00_00_00,5000,8.0,0.0,0.0,0.0
,,4,1.0,flood_agr,f_a,Wp,1,08_00_00_00,5000,8.0,0.0,0.0,0.0
11.0,0&14,1,,flood_agr,f_a,Wp,2,08_00_00_00,5000,8.0,0.0,0.0,0.0
59.0,0&14&11,2,,flood_agr,f_a,Wp,2,08_00_00_00,5000,8.0,0.0,0.0,0.0
95.0,0&14&11&13,3,,flood_agr,f_a,Wp,2,08_00_00_00,5000,8.0,0.0,0.0,0.0
,,4,1.0,flood_agr,f_a,Wp,2,08_00_00_00,5000,8.0,0.0,0.0,0.0
,,3,1.0,flood_agr,f_a,Wp,3,08_00_00_00,5000,8.0,0.0,0.0,0.0
,,4,1.0,flood_agr,f_a,Wp,3,08_00_00_00,5000,8.0,0.0,0.0,0.0
5.0,0&14,1,,flood_agr,f_a,Wp,4,08_00_00_00,5000,8.0,0.0,0.0,0.0
31.0,0&14&11,2,,flood_agr,f_a,Wp,4,08_00_00_00,5000,8.0,0.0,0.0,0.0
,,3,1.0,flood_agr,f_a,Wp,4,08_00_00_00,5000,8.0,0.0,0.0,0.0
,,4,1.0,flood_agr,f_a,Wp,4,08_00_00_00,5000,8.0,0.0,0.0,0.0
53.0,0&14,1,,flood_agr,f_a,Wp,5,08_00_00_00,5000,8.0,0.0,0.0,0.0
74.0,0&14&11,2,,flood_agr,f_a,Wp,5,08_00_00_00,5000,8.0,0.0,0.0,0.0
,,3,1.0,flood_agr,f_a,Wp,5,08_00_00_00,5000,8.0,0.0,0.0,0.0
,,4,1.0,flood_agr,f_a,Wp,5,08_00_00_00,5000,8.0,0.0,0.0,0.0
32.0,0&14,1,,flood_agr,f_a,Wp,6,08_00_00_00,5000,8.0,0.0,0.0,0.0
81.0,0&14&11,2,,flood_agr,f_a,Wp,6,08_00_00_00,5000,8.0,0.0,0.0,0.0
92.0,0&14&11&13,3,,flood_agr,f_a,Wp,6,08_00_00_00,5000,8.0,0.0,0.0,0.0
,,4,1.0,flood_agr,f_a,Wp,6,08_00_00_00,5000,8.0,0.0,0.0,0.0
45.0,0&14,1,,flood_agr,f_a,Wp,7,08_00_00_00,5000,8.0,0.0,0.0,0.0
,,2,1.0,flood_agr,f_a,Wp,7,08_00_00_00,5000,8.0,0.0,0.0,0.0
,,3,1.0,flood_agr,f_a,Wp,7,08_00_00_00,5000,8.0,0.0,0.0,0.0
,,4,1.0,flood_agr,f_a,Wp,7,08_00_00_00,5000,8.0,0.0,0.0,0.0
16.0,0&14,1,,flood_agr,f_a,Wp,8,08_00_00_00,5000,8.0,0.0,0.0,0.0
57.0,0&14&11,2,,flood_agr,f_a,Wp,8,08_00_00_00,5000,8.0,0.0,0.0,0.0
89.0,0&14&11&13,3,,flood_agr,f_a,Wp,8,08_00_00_00,5000,8.0,0.0,0.0,0.0
,,4,1.0,flood_agr,f_a,Wp,8,08_00_00_00,5000,8.0,0.0,0.0,0.0
26.0,0&14,1,,flood_agr,f_a,Wp,9,08_00_00_00,5000,8.0,0.0,0.0,0.0
47.0,0&14&11,2,,flood_agr,f_a,Wp,9,08_00_00_00,5000,8.0,0.0,0.0,0.0
,,3,1.0,flood_agr,f_a,Wp,9,08_00_00_00,5000,8.0,0.0,0.0,0.0
,,4,1.0,flood_agr,f_a,Wp,9,08_00_00_00,5000,8.0,0.0,0.0,0.0
56.0,0&14,1,,flood_agr,f_a,Wp,10,08_00_00_00,5000,8.0,0.0,0.0,0.0
84.0,0&14&11,2,,flood_agr,f_a,Wp,10,08_00_00_00,5000,8.0,0.0,0.0,0.0
,,3,1.0,flood_agr,f_a,Wp,10,08_00_00_00,5000,8.0,0.0,0.0,0.0
,,4,1.0,flood_agr,f_a,Wp,10,08_00_00_00,5000,8.0,0.0,0.0,0.0
